geneID	p_val	avg_log2FC	pct.1	pct.2	p_val_adj	cluster	gene
Ccl-2812	0	2.62825141714243	0.521	0.028	0	1	Ccl-2812
Ccl-16772	0	1.46442349387785	0.458	0.006	0	1	Ccl-16772
Ccl-8241	0	1.32829011995932	0.51	0.022	0	1	Ccl-8241
Ccl-17076	0	1.11511340411938	0.378	0.003	0	1	Ccl-17076
Ccl-6101	0	1.06973042699583	0.583	0.037	0	1	Ccl-6101
Ccl-4789	0	0.966156976442268	0.424	0.004	0	1	Ccl-4789
Ccl-2628	0	0.947160015385711	0.354	0.003	0	1	Ccl-2628
Ccl-12668	0	0.915646682360346	0.33	0.001	0	1	Ccl-12668
Ccl-5015	0	0.892041218719343	0.33	0.003	0	1	Ccl-5015
Ccl-16771	0	0.874237811033303	0.382	0.005	0	1	Ccl-16771
Ccl-10832	0	0.844708620165849	0.42	0.016	0	1	Ccl-10832
Ccl-5767	0	0.708011941847551	0.389	0.015	0	1	Ccl-5767
Ccl-16342	0	0.656433432242888	0.344	0.008	0	1	Ccl-16342
Ccl-5765	0	0.521938451751478	0.288	0.005	0	1	Ccl-5765
Ccl-7659	2.85107137159911e-307	0.811498318823078	0.458	0.025	5.52509121102191e-303	1	Ccl-7659
Ccl-9878	2.31222773796923e-302	2.25432194354291	0.823	0.11	4.48086613341057e-298	1	Ccl-9878
Ccl-17188	2.45848636722433e-291	1.82300491838648	0.767	0.096	4.76430073104403e-287	1	Ccl-17188
Ccl-11815	1.4660687776074e-287	0.590879896232007	0.365	0.015	2.84109468412538e-283	1	Ccl-11815
Ccl-14778	1.40511162507101e-275	0.739127535871936	0.309	0.01	2.72296581822511e-271	1	Ccl-14778
Ccl-16459	6.52629957042229e-270	0.872439450573181	0.455	0.03	1.26473159375214e-265	1	Ccl-16459
Ccl-13491	1.39905439860031e-269	0.678044200857956	0.198	0.002	2.71122751904753e-265	1	Ccl-13491
Ccl-16310	8.53327595919829e-268	0.975357262893262	0.444	0.028	1.65366354813304e-263	1	Ccl-16310
Ccl-13542	4.59607999896937e-256	0.690370537643228	0.333	0.014	8.90674343000275e-252	1	Ccl-13542
Ccl-12666	7.77120591113499e-240	0.90587733320129	0.392	0.024	1.50598199351885e-235	1	Ccl-12666
Ccl-11994	6.34711030489983e-237	1.67550339625029	0.632	0.077	1.23000650598654e-232	1	Ccl-11994
Ccl-17189	1.00904131646531e-233	1.59106373600983	0.736	0.112	1.95542116717813e-229	1	Ccl-17189
Ccl-6279	1.13326738029109e-231	0.752884568544592	0.365	0.021	2.19615885626611e-227	1	Ccl-6279
Ccl-12637	1.14038070321214e-221	0.981955523925453	0.34	0.019	2.20994376475481e-217	1	Ccl-12637
Ccl-9274	1.46779820443721e-211	0.572973063290652	0.333	0.019	2.84444614037887e-207	1	Ccl-9274
Ccl-5654	9.52799732247098e-211	1.01761429970218	0.424	0.034	1.84643060112165e-206	1	Ccl-5654
Ccl-6891	8.23761874368345e-210	1.15343085355573	0.618	0.081	1.59636813633842e-205	1	Ccl-6891
Ccl-8602	2.80134029162708e-208	0.569474298804228	0.312	0.017	5.42871735114412e-204	1	Ccl-8602
Ccl-2315	9.88781406069428e-203	0.625918303795396	0.347	0.023	1.91615948682194e-198	1	Ccl-2315
Ccl-10843	1.69686811242691e-202	1.36747570921072	0.736	0.125	3.28836071507211e-198	1	Ccl-10843
Ccl-14366	4.27761085898996e-196	0.631113447505979	0.26	0.012	8.28958208363665e-192	1	Ccl-14366
Ccl-1071	5.54221015557722e-196	1.00818456644607	0.378	0.029	1.07402490604931e-191	1	Ccl-1071
Ccl-5723	6.49465527995241e-195	0.879004229627893	0.333	0.022	1.25859924670198e-190	1	Ccl-5723
Ccl-6085	6.12882079425202e-184	0.783924681543988	0.451	0.046	1.1877041817181e-179	1	Ccl-6085
Ccl-17248	7.56994737147084e-177	0.721719390894857	0.309	0.021	1.46698010111733e-172	1	Ccl-17248
Ccl-5908	1.3919819962016e-173	0.846432844673429	0.476	0.056	2.69752191043908e-169	1	Ccl-5908
Ccl-12521	2.06531199680726e-173	0.772101204344751	0.375	0.033	4.00236811861279e-169	1	Ccl-12521
Ccl-1067	1.57339484621087e-172	1.66989461139481	0.785	0.184	3.04908187247204e-168	1	Ccl-1067
Ccl-15305	3.43225214962225e-172	1.28899547829627	0.611	0.099	6.65136144075296e-168	1	Ccl-15305
Ccl-13195	1.29379225962379e-169	0.83307985963339	0.594	0.089	2.50724001992494e-165	1	Ccl-13195
Ccl-13814	5.32246769729088e-169	1.25481732020605	0.531	0.074	1.031441015058e-164	1	Ccl-13814
Ccl-11996	2.69551734140908e-165	0.541578547048888	0.295	0.02	5.22364305591665e-161	1	Ccl-11996
Ccl-14342	7.38935228854391e-165	0.543608317056591	0.236	0.012	1.43198257999692e-160	1	Ccl-14342
Ccl-11995	2.85573442982819e-163	0.629239054322529	0.278	0.018	5.53412775156406e-159	1	Ccl-11995
Ccl-13847	3.59828321025598e-163	0.668817458063906	0.368	0.034	6.97311303315507e-159	1	Ccl-13847
Ccl-11238	1.76557777277059e-161	0.920290702116591	0.455	0.055	3.42151316585213e-157	1	Ccl-11238
Ccl-15003	1.45763305225788e-160	1.64199793263698	0.729	0.168	2.82474709197054e-156	1	Ccl-15003
Ccl-6822	3.68136704145056e-160	0.675022800209295	0.299	0.022	7.13412118962704e-156	1	Ccl-6822
Ccl-4907	1.04967479704338e-159	0.899451119337392	0.559	0.086	2.03416478919036e-155	1	Ccl-4907
Ccl-23750	2.23038540666544e-159	0.643778847870541	0.413	0.044	4.32226387957696e-155	1	Ccl-23750
Ccl-11431	6.95761114498817e-158	0.641948405574084	0.33	0.028	1.34831546378726e-153	1	Ccl-11431
Ccl-7413	3.1781929624439e-157	0.527992653924198	0.302	0.022	6.15902014192004e-153	1	Ccl-7413
Ccl-15177	8.84558122537485e-152	0.63616498915622	0.385	0.04	1.71418518566539e-147	1	Ccl-15177
Ccl-16211	3.7188406063801e-148	0.522051926865515	0.25	0.016	7.20674121110399e-144	1	Ccl-16211
Ccl-4383	1.01368355440409e-142	0.825554002698501	0.514	0.078	1.96441736007968e-138	1	Ccl-4383
Ccl-13574	3.95904003820862e-138	0.665076914774095	0.375	0.042	7.67222369004449e-134	1	Ccl-13574
Ccl-9140	1.07267406056066e-137	1.58271311835093	0.538	0.097	2.07873506196051e-133	1	Ccl-9140
Ccl-1063	3.83489076019382e-137	0.61624263430499	0.344	0.035	7.43163480417961e-133	1	Ccl-1063
Ccl-23015	2.60728668834277e-135	0.638129333776018	0.309	0.029	5.05266087333945e-131	1	Ccl-23015
Ccl-4473	8.09163674838326e-134	0.514367691631053	0.174	0.007	1.56807828546919e-129	1	Ccl-4473
Ccl-12782	1.30906998689411e-133	0.748258803765034	0.403	0.05	2.5368467276021e-129	1	Ccl-12782
Ccl-9799	3.1691338780177e-133	0.655204705627821	0.375	0.044	6.1414645422105e-129	1	Ccl-9799
Ccl-17929	9.72483504462977e-132	0.588841490002299	0.406	0.051	1.8845757832988e-127	1	Ccl-17929
Ccl-13728	1.06853564102669e-130	0.644104145513607	0.368	0.043	2.07071521874563e-126	1	Ccl-13728
Ccl-4382	3.23421926990316e-125	0.664328071639237	0.448	0.067	6.26759352314533e-121	1	Ccl-4382
Ccl-15420	5.63548668904396e-122	0.661568334263905	0.406	0.057	1.09210096546983e-117	1	Ccl-15420
Ccl-10831	1.73571682841203e-120	0.778987829837429	0.358	0.045	3.36364564177966e-116	1	Ccl-10831
Ccl-15804	4.09138422575009e-118	0.649085165880741	0.365	0.047	7.92869349108109e-114	1	Ccl-15804
Ccl-6163	1.72672906116682e-117	0.595278167233783	0.278	0.026	3.34622824763518e-113	1	Ccl-6163
Ccl-5249	4.97880343583995e-116	0.878223564698171	0.455	0.076	9.64842317831425e-112	1	Ccl-5249
Ccl-10796	2.17076984312556e-111	0.735337039341746	0.438	0.072	4.20673487899301e-107	1	Ccl-10796
Ccl-16645	1.45118205820458e-109	0.82039185737068	0.427	0.071	2.81224571059466e-105	1	Ccl-16645
Ccl-13424	2.1442762709604e-109	0.693598460377722	0.382	0.055	4.15539298549415e-105	1	Ccl-13424
Ccl-14415	1.40874073994331e-105	0.72141904576158	0.365	0.053	2.72999867993615e-101	1	Ccl-14415
Ccl-13639	1.43993697106477e-104	0.568608885182135	0.333	0.044	2.79045385622642e-100	1	Ccl-13639
Ccl-8149	8.51872647462252e-101	0.58810884139532	0.434	0.077	1.6508440035171e-96	1	Ccl-8149
Ccl-1627	1.72468101591503e-97	0.557129388296417	0.323	0.044	3.34225934074174e-93	1	Ccl-1627
Ccl-14345	3.09994721228456e-97	0.518563531239334	0.26	0.028	6.00738770268624e-93	1	Ccl-14345
Ccl-10072	8.5216821637649e-96	0.614791318074457	0.358	0.055	1.651416786516e-91	1	Ccl-10072
Ccl-4815	1.24742704140754e-93	0.767996544280914	0.378	0.064	2.41738886354367e-89	1	Ccl-4815
Ccl-3377	1.17374942202225e-91	0.597884850791956	0.253	0.029	2.27460900493691e-87	1	Ccl-3377
Ccl-11106	3.49573768701343e-89	0.881813026820625	0.479	0.106	6.77439006366332e-85	1	Ccl-11106
Ccl-13947	3.97655018635828e-89	0.560218804528805	0.389	0.069	7.70615660614372e-85	1	Ccl-13947
Ccl-5041	4.7017273617849e-88	1.23796884730467	0.281	0.037	9.11147745440295e-84	1	Ccl-5041
Ccl-14999	4.63722034486099e-87	0.645394604330173	0.417	0.081	8.98646930630611e-83	1	Ccl-14999
Ccl-7330	4.36007958141433e-86	0.557893646990767	0.375	0.066	8.44939822082284e-82	1	Ccl-7330
Ccl-9661	1.17169495108959e-85	0.961165526752941	0.691	0.228	2.27062764571651e-81	1	Ccl-9661
Ccl-15850	1.34530444634391e-85	0.824331002310808	0.406	0.081	2.60706548656986e-81	1	Ccl-15850
Ccl-14758	1.59355273003182e-84	0.706057674833977	0.441	0.092	3.08814583552867e-80	1	Ccl-14758
Ccl-4758	8.89814927888325e-84	0.567479648288199	0.378	0.069	1.72437234875478e-79	1	Ccl-4758
Ccl-5120	1.67204446766004e-83	0.648583126093922	0.368	0.065	3.2402549738784e-79	1	Ccl-5120
Ccl-1422	7.51475715058228e-82	0.659688048106248	0.451	0.1	1.45628478821134e-77	1	Ccl-1422
Ccl-3468	1.13833692960394e-81	0.672388971153739	0.201	0.02	2.20598313587948e-77	1	Ccl-3468
Ccl-1020	3.30665839234691e-81	0.678440222886692	0.469	0.105	6.40797329852909e-77	1	Ccl-1020
Ccl-13787	7.2119495764875e-81	0.585890199027036	0.281	0.041	1.39760370842751e-76	1	Ccl-13787
Ccl-16215	1.31282569412741e-80	0.844694140603952	0.628	0.188	2.54412491264951e-76	1	Ccl-16215
Ccl-12620	3.82337356374746e-77	0.779682600612751	0.573	0.163	7.40931562918621e-73	1	Ccl-12620
Ccl-2375	9.83383243374248e-77	0.754162034542328	0.569	0.16	1.90569838733496e-72	1	Ccl-2375
Ccl-13623	8.93733212154582e-74	0.54007345474478	0.396	0.082	1.73196559183436e-69	1	Ccl-13623
Ccl-13440	2.7690765437756e-73	0.98674901833464	0.684	0.258	5.36619343418273e-69	1	Ccl-13440
Ccl-4953	7.72160133914722e-72	0.596012897874813	0.385	0.082	1.49636912351334e-67	1	Ccl-4953
Ccl-7589	8.90790104235737e-72	0.558733833464669	0.219	0.027	1.72626214299843e-67	1	Ccl-7589
Ccl-4846	1.12484911965643e-70	0.643499204975542	0.295	0.05	2.17984510898219e-66	1	Ccl-4846
Ccl-1685	6.14515472726465e-69	0.864096489679247	0.608	0.202	1.19086953459662e-64	1	Ccl-1685
Ccl-5392	2.52985267033795e-68	0.563487144471431	0.399	0.091	4.90260148984791e-64	1	Ccl-5392
Ccl-5761	1.19767654098226e-67	0.727312232370961	0.417	0.103	2.32097736876953e-63	1	Ccl-5761
Ccl-1582	3.74748756800511e-66	0.615771069637448	0.479	0.129	7.2622561580371e-62	1	Ccl-1582
Ccl-10133	5.39630284281393e-66	0.605087020432925	0.486	0.135	1.04574952790891e-61	1	Ccl-10133
Ccl-1580	1.24065880273821e-65	0.624686502444212	0.497	0.141	2.40427269382638e-61	1	Ccl-1580
Ccl-1672	6.18066537263672e-65	0.55857524878451	0.389	0.089	1.19775114256327e-60	1	Ccl-1672
Ccl-8673	7.83676374345235e-65	0.751427856050906	0.625	0.221	1.51868644584363e-60	1	Ccl-8673
Ccl-5734	9.36557697911513e-65	0.77909488309162	0.684	0.256	1.81495516278272e-60	1	Ccl-5734
Ccl-7434	2.82005947481282e-63	1.30096639795992	0.938	0.72	5.46499325623976e-59	1	Ccl-7434
Ccl-9321	5.30115418734873e-63	0.509309353084787	0.365	0.081	1.02731066996631e-58	1	Ccl-9321
Ccl-5522	3.34281447201866e-62	0.706420219444509	0.521	0.162	6.47804016532496e-58	1	Ccl-5522
Ccl-12119	4.21822824121549e-62	0.667916755074409	0.507	0.153	8.17450450865151e-58	1	Ccl-12119
Ccl-14418	1.43044855265809e-61	0.650078761376364	0.448	0.122	2.77206625019612e-57	1	Ccl-14418
Ccl-855	2.51033908473977e-60	0.605474233407419	0.479	0.137	4.86478611231721e-56	1	Ccl-855
Ccl-12636	1.14672514449465e-58	1.22250609528333	0.622	0.257	2.22223865751618e-54	1	Ccl-12636
Ccl-14812	1.40849981803078e-57	0.684703628146806	0.552	0.187	2.72953179736184e-53	1	Ccl-14812
Ccl-5494	3.78830353735221e-55	0.835675679060963	0.674	0.309	7.34135342503485e-51	1	Ccl-5494
Ccl-14410	2.46829032706373e-54	0.750733637803882	0.521	0.178	4.78329982481681e-50	1	Ccl-14410
Ccl-13854	5.4515860025385e-53	0.948466792969376	0.733	0.383	1.05646285143194e-48	1	Ccl-13854
Ccl-2329	1.19428648287266e-52	0.527681869668514	0.351	0.088	2.31440777515892e-48	1	Ccl-2329
Ccl-15272	2.15863835119406e-51	0.679970125225829	0.625	0.25	4.18322526077896e-47	1	Ccl-15272
Ccl-5907	8.41732245493793e-51	0.782460922947834	0.75	0.363	1.63119291854242e-46	1	Ccl-5907
Ccl-11075	6.02309199870904e-50	0.586579803985892	0.535	0.191	1.16721499842983e-45	1	Ccl-11075
Ccl-153	3.11533532472885e-49	0.702554041064585	0.469	0.153	6.03720832579205e-45	1	Ccl-153
Ccl-7681	8.92822845160563e-48	0.961579537934969	0.861	0.586	1.73020139163665e-43	1	Ccl-7681
Ccl-21581	4.62080121963353e-47	0.505063153326451	0.42	0.124	8.95465068352782e-43	1	Ccl-21581
Ccl-9578	3.58344805550982e-46	0.579413701558815	0.458	0.155	6.94436398677249e-42	1	Ccl-9578
Ccl-6482	8.21929206041842e-46	0.532136896905185	0.417	0.13	1.59281660838848e-41	1	Ccl-6482
Ccl-16508	1.15062488942023e-45	0.503384962736064	0.413	0.126	2.22979597320746e-41	1	Ccl-16508
Ccl-5641	2.17187825290821e-45	0.504014621974365	0.399	0.121	4.20888286631083e-41	1	Ccl-5641
Ccl-11490	9.76459836479328e-45	0.515891227365814	0.361	0.105	1.89228151711329e-40	1	Ccl-11490
Ccl-7521	4.30814340388426e-44	0.561643977746666	0.441	0.152	8.34875110238732e-40	1	Ccl-7521
Ccl-6595	1.33826121274712e-42	0.765007920455058	0.698	0.359	2.59341640418265e-38	1	Ccl-6595
Ccl-9969	2.21742888662767e-40	0.647840661324998	0.542	0.229	4.29715543939575e-36	1	Ccl-9969
Ccl-9180	1.16518259221412e-39	0.65548649432736	0.372	0.121	2.25800734545174e-35	1	Ccl-9180
Ccl-2077	2.77690026124009e-39	0.503519660633108	0.479	0.17	5.38135501625717e-35	1	Ccl-2077
Ccl-11159	1.44665723608029e-38	0.77521919968927	0.312	0.089	2.8034770578e-34	1	Ccl-11159
Ccl-7377	3.16959843248791e-38	0.518115250460128	0.413	0.145	6.14236480231832e-34	1	Ccl-7377
Ccl-14371	1.73122697520431e-37	0.520237312363116	0.281	0.075	3.35494475524842e-33	1	Ccl-14371
Ccl-13204	1.96850089387518e-37	0.547421776654275	0.483	0.191	3.81475788224072e-33	1	Ccl-13204
Ccl-6867	2.59973517993299e-37	0.594548717098601	0.479	0.186	5.03802680519214e-33	1	Ccl-6867
Ccl-6116	1.39188899441788e-35	0.59523152021545	0.319	0.098	2.69734168228242e-31	1	Ccl-6116
Ccl-12921	1.44725267437025e-35	0.579825293548932	0.458	0.18	2.8046309576621e-31	1	Ccl-12921
Ccl-5860	2.34349613704328e-35	0.649463158290179	0.688	0.35	4.54146116397617e-31	1	Ccl-5860
Ccl-15157	6.27326888442272e-34	0.606055901237435	0.462	0.188	1.21569677711228e-29	1	Ccl-15157
Ccl-7800	3.64909003197768e-33	1.02388252591455	0.653	0.412	7.07157157296954e-29	1	Ccl-7800
Ccl-13884	1.31683993156311e-32	0.653907448340842	0.639	0.349	2.55190410337614e-28	1	Ccl-13884
Ccl-3258	1.41498646297604e-32	0.52201446107901	0.646	0.324	2.74210226660127e-28	1	Ccl-3258
Ccl-7921	2.45714906397485e-32	0.605790382686785	0.663	0.35	4.76170917107686e-28	1	Ccl-7921
Ccl-18658	1.753289998354e-30	0.50803440589318	0.503	0.234	3.39770068781022e-26	1	Ccl-18658
Ccl-544	2.22998776015759e-30	0.559524348641251	0.566	0.27	4.32149328040939e-26	1	Ccl-544
Ccl-1103	2.83569917479405e-30	0.511486984765207	0.503	0.221	5.49530143083339e-26	1	Ccl-1103
Ccl-1521	5.89334004339975e-30	0.562672578683512	0.413	0.172	1.14207036701044e-25	1	Ccl-1521
Ccl-5876	1.59627231115854e-28	0.508863810776187	0.424	0.179	3.09341611179414e-24	1	Ccl-5876
Ccl-8053	1.86360620359168e-28	0.51458203654552	0.486	0.225	3.61148246194031e-24	1	Ccl-8053
Ccl-8229	1.29690254288558e-27	0.523170296176018	0.521	0.25	2.51326743785796e-23	1	Ccl-8229
Ccl-13156	1.68724307374774e-26	0.532623216159739	0.642	0.362	3.26970835261575e-22	1	Ccl-13156
Ccl-3716	9.13064284355807e-26	0.50832404344786	0.49	0.244	1.76942727665312e-21	1	Ccl-3716
Ccl-11347	3.15658852397583e-25	1.3273891498325	0.122	0.023	6.11715290061275e-21	1	Ccl-11347
Ccl-12797	3.49476352832284e-25	0.541809022698403	0.632	0.355	6.77250224153683e-21	1	Ccl-12797
Ccl-9581	8.15229516465266e-25	0.572006083673151	0.774	0.5	1.57983327995804e-20	1	Ccl-9581
Ccl-15750	1.75128576415048e-24	0.548205656782304	0.493	0.248	3.39381668234722e-20	1	Ccl-15750
Ccl-1236	3.07338343326468e-24	0.551403752304192	0.576	0.315	5.95590975532362e-20	1	Ccl-1236
Ccl-15394	4.62073843778187e-24	0.50193131065694	0.431	0.2	8.95452901857749e-20	1	Ccl-15394
Ccl-12541	4.91984628012689e-24	0.511450513688638	0.337	0.135	9.5341701062579e-20	1	Ccl-12541
Ccl-11975	3.95221219393328e-23	0.504070667372043	0.535	0.294	7.65899201062331e-19	1	Ccl-11975
Ccl-6933	6.08686455129841e-21	0.53067907673422	0.493	0.268	1.17957348139612e-16	1	Ccl-6933
Ccl-20693	6.60975820859525e-21	0.549041859339487	0.521	0.293	1.28090504324367e-16	1	Ccl-20693
Ccl-12461	4.52806023317896e-20	0.650088268524463	0.351	0.157	8.77492792587751e-16	1	Ccl-12461
Ccl-820	2.84064664997117e-19	0.585399468045489	0.535	0.314	5.50488914297912e-15	1	Ccl-820
Ccl-15871	2.27067280729788e-18	0.561622827414182	0.483	0.276	4.40033683326257e-14	1	Ccl-15871
Ccl-1239	1.10980754265856e-15	0.522585602798654	0.663	0.456	2.15069603691802e-11	1	Ccl-1239
Ccl-10798	2.64409318800429e-15	0.50318235225012	0.521	0.318	5.12398818903351e-11	1	Ccl-10798
Ccl-4174	8.99076910526681e-15	0.643466342370984	0.128	0.038	1.74232114490966e-10	1	Ccl-4174
Ccl-11348	4.51902573598713e-08	1.39734710224421	0.128	0.057	0.000875741997376946	1	Ccl-11348
Ccl-5760	0.00119413975086669	0.784574634166227	0.115	0.069	1	1	Ccl-5760
Ccl-21328	1.34524090706606e-269	1.16551259972102	0.656	0.158	2.60694235380332e-265	2	Ccl-21328
Ccl-18950	3.65313036978812e-243	1.0994032945567	0.581	0.13	7.07940134361239e-239	2	Ccl-18950
Ccl-18774	7.081662983982e-236	1.20251996647547	0.647	0.182	1.37235546966587e-231	2	Ccl-18774
Ccl-12356	1.17133662161616e-229	0.844394657476909	0.42	0.069	2.26993323902995e-225	2	Ccl-12356
Ccl-11428	1.64459518411843e-224	0.569915415358255	0.259	0.021	3.18706100730311e-220	2	Ccl-11428
Ccl-9878	3.76325397539416e-199	1.04605671837962	0.466	0.099	7.29280987891635e-195	2	Ccl-9878
Ccl-2077	3.9111252223265e-196	0.97502555232927	0.544	0.142	7.57936956834652e-192	2	Ccl-2077
Ccl-5860	8.28014826142706e-185	1.17414091054726	0.745	0.32	1.60460993158195e-180	2	Ccl-5860
Ccl-5734	3.1524151106609e-182	0.985798435331492	0.651	0.23	6.10906524294976e-178	2	Ccl-5734
Ccl-6106	2.88009228394334e-176	0.947081815356316	0.532	0.153	5.5813308370538e-172	2	Ccl-6106
Ccl-21581	8.51399885514211e-161	0.803707824924461	0.426	0.103	1.64992783813799e-156	2	Ccl-21581
Ccl-14485	6.14068036495973e-149	0.595436059390709	0.318	0.06	1.19000244792555e-144	2	Ccl-14485
Ccl-544	5.15713696567002e-142	1.06004945541409	0.6	0.246	9.99401572577194e-138	2	Ccl-544
Ccl-1020	2.77306084209301e-139	0.720813303598935	0.373	0.09	5.37391460589204e-135	2	Ccl-1020
Ccl-321	4.36769176692112e-134	0.761300573756943	0.398	0.107	8.46414987511644e-130	2	Ccl-321
Ccl-10735	3.11220199417099e-133	0.552417519173181	0.308	0.062	6.03113624450395e-129	2	Ccl-10735
Ccl-16962	8.79427166390491e-130	0.787415208247991	0.363	0.091	1.70424190574813e-125	2	Ccl-16962
Ccl-7323	2.16724972325547e-128	0.516893819535461	0.233	0.036	4.19991323869677e-124	2	Ccl-7323
Ccl-6495	8.33144882716048e-123	0.843040292443278	0.409	0.117	1.61455146821543e-118	2	Ccl-6495
Ccl-9661	3.26323960106793e-121	0.857573619575578	0.538	0.213	6.32383202290954e-117	2	Ccl-9661
Ccl-15272	3.72642638994611e-121	0.856626363579713	0.566	0.231	7.22144170107656e-117	2	Ccl-15272
Ccl-12461	9.47663126864647e-120	1.42189388167066	0.421	0.136	1.836476373551e-115	2	Ccl-12461
Ccl-8339	3.57863702495542e-119	0.698110225852904	0.418	0.125	6.93504069066111e-115	2	Ccl-8339
Ccl-11909	4.97424646607452e-119	0.881334915632201	0.475	0.165	9.63959222660581e-115	2	Ccl-11909
Ccl-16215	1.66831844124424e-113	0.801246083657499	0.475	0.174	3.23303430728722e-109	2	Ccl-16215
Ccl-10843	1.13943112095067e-108	0.660642756919202	0.396	0.119	2.20810356929031e-104	2	Ccl-10843
Ccl-17188	8.59434688411347e-108	0.622436830915362	0.349	0.094	1.66549848267235e-103	2	Ccl-17188
Ccl-15871	2.54262685767291e-104	1.10763124915555	0.542	0.256	4.92735658748434e-100	2	Ccl-15871
Ccl-3255	3.30880766395446e-96	0.542919740135933	0.355	0.107	6.41213837197734e-92	2	Ccl-3255
Ccl-15611	2.54429094544572e-94	0.533480662347294	0.28	0.07	4.93058142317925e-90	2	Ccl-15611
Ccl-14200	6.10082489345991e-94	0.897223495603209	0.38	0.13	1.1822788561036e-89	2	Ccl-14200
Ccl-6504	7.81323223379699e-91	0.519059716328416	0.314	0.089	1.51412627458752e-86	2	Ccl-6504
Ccl-14371	6.04058913181525e-90	0.502571050353958	0.26	0.062	1.17060576785448e-85	2	Ccl-14371
Ccl-12615	8.24639255417789e-87	0.531696724777756	0.297	0.084	1.59806841307413e-82	2	Ccl-12615
Ccl-11159	1.1266820128182e-86	0.74594672742344	0.28	0.077	2.1833970726404e-82	2	Ccl-11159
Ccl-14529	7.6267042042952e-83	0.841479243990648	0.558	0.258	1.47797900775037e-78	2	Ccl-14529
Ccl-15870	2.4874739363297e-82	0.897258649571509	0.561	0.314	4.82047574121332e-78	2	Ccl-15870
Ccl-5641	2.96239767223151e-82	0.519559551544998	0.333	0.108	5.74083044901745e-78	2	Ccl-5641
Ccl-21382	1.89649156016772e-81	0.506530951528394	0.315	0.098	3.67521099444903e-77	2	Ccl-21382
Ccl-3799	8.66515133272352e-81	0.572297117892451	0.351	0.121	1.67921967676849e-76	2	Ccl-3799
Ccl-12124	3.83489106571911e-77	0.796267318553826	0.623	0.35	7.43163539625705e-73	2	Ccl-12124
Ccl-11371	1.76821271615592e-76	0.751788270531278	0.526	0.264	3.42661942263855e-72	2	Ccl-11371
Ccl-7596	2.90935302118915e-76	0.792522717772545	0.671	0.439	5.63803521976245e-72	2	Ccl-7596
Ccl-6807	3.14441408366986e-76	0.69161069382384	0.639	0.381	6.09356005274382e-72	2	Ccl-6807
Ccl-12517	4.20491189137975e-76	0.649515451414345	0.309	0.101	8.14869875430482e-72	2	Ccl-12517
Ccl-11098	6.1942116081589e-76	0.670974345232245	0.434	0.181	1.20037626754511e-71	2	Ccl-11098
Ccl-15869	1.42710128307772e-75	0.712096061867594	0.767	0.477	2.76557957647631e-71	2	Ccl-15869
Ccl-13518	9.0731241049132e-74	0.633097246057562	0.361	0.134	1.75828072029113e-69	2	Ccl-13518
Ccl-16880	1.91181840886753e-73	0.510523458328102	0.279	0.086	3.70491289454438e-69	2	Ccl-16880
Ccl-1580	5.68235221310615e-69	0.66232390262382	0.347	0.132	1.10118303537784e-64	2	Ccl-1580
Ccl-12636	1.52147456460028e-66	0.957572576575529	0.48	0.246	2.94846555873889e-62	2	Ccl-12636
Ccl-12771	2.98444275416697e-64	0.898033792862058	0.55	0.308	5.78355161330018e-60	2	Ccl-12771
Ccl-641	3.52566853389412e-64	0.696379723131322	0.325	0.126	6.83239305183342e-60	2	Ccl-641
Ccl-16346	6.21896360489266e-64	0.777384993772956	0.461	0.226	1.20517295699215e-59	2	Ccl-16346
Ccl-3503	4.65957558422948e-63	0.845537051115833	0.45	0.227	9.02979152467832e-59	2	Ccl-3503
Ccl-7154	3.8494058471272e-62	0.660929802915286	0.575	0.348	7.4597635911478e-58	2	Ccl-7154
Ccl-12889	1.72376651885806e-61	0.573299283758663	0.343	0.14	3.34048713689504e-57	2	Ccl-12889
Ccl-10798	2.68483666597311e-61	0.695599149176012	0.533	0.303	5.2029449749893e-57	2	Ccl-10798
Ccl-12620	9.91590987521567e-61	0.711988269804507	0.361	0.157	1.92160417471804e-56	2	Ccl-12620
Ccl-1582	1.28189679925971e-60	0.553559342059855	0.316	0.122	2.4841878072854e-56	2	Ccl-1582
Ccl-17189	5.18943064011853e-57	0.510508407371889	0.303	0.115	1.00565976374857e-52	2	Ccl-17189
Ccl-5406	5.87607143469023e-54	0.69468088409788	0.439	0.237	1.13872388332862e-49	2	Ccl-5406
Ccl-17468	1.01874262416658e-53	0.646865948963422	0.498	0.29	1.97422133137242e-49	2	Ccl-17468
Ccl-1067	2.52924541293305e-53	0.58117420414391	0.391	0.184	4.90142468572295e-49	2	Ccl-1067
Ccl-18212	7.15836060981944e-53	0.517825876361902	0.36	0.161	1.38721870257691e-48	2	Ccl-18212
Ccl-11095	2.12727098006537e-52	0.536730172583525	0.362	0.164	4.12243843226868e-48	2	Ccl-11095
Ccl-3258	2.95163805321409e-52	0.710411333801735	0.527	0.314	5.71997938332359e-48	2	Ccl-3258
Ccl-1103	2.42158991050741e-49	0.562320707833552	0.41	0.211	4.69279908757231e-45	2	Ccl-1103
Ccl-2737	1.07731281111767e-48	0.62093720007993	0.692	0.553	2.08772449666494e-44	2	Ccl-2737
Ccl-3897	1.09340219054714e-48	0.595085546646122	0.442	0.237	2.1189041050613e-44	2	Ccl-3897
Ccl-10797	3.12543085784868e-47	0.563726047239039	0.409	0.215	6.05677245942495e-43	2	Ccl-10797
Ccl-8673	9.07662890769556e-44	0.516641552517739	0.41	0.216	1.75895991602232e-39	2	Ccl-8673
Ccl-14052	6.93573009051576e-42	0.672393060353595	0.65	0.508	1.34407513424105e-37	2	Ccl-14052
Ccl-3232	7.22807774873748e-42	0.756203246360088	0.4	0.226	1.40072918692784e-37	2	Ccl-3232
Ccl-2375	2.42828464247561e-41	0.519091905559432	0.329	0.157	4.70577280865349e-37	2	Ccl-2375
Ccl-15844	2.72835768024062e-40	0.640425693479595	0.32	0.16	5.2872843485383e-36	2	Ccl-15844
Ccl-9581	2.0308446081788e-38	0.596037222928925	0.647	0.495	3.93557376618971e-34	2	Ccl-9581
Ccl-21502	5.71548734539971e-38	0.692101289454927	0.446	0.275	1.10760429266501e-33	2	Ccl-21502
Ccl-4693	1.02409011379262e-36	0.56337471356931	0.29	0.142	1.98458423151872e-32	2	Ccl-4693
Ccl-14812	8.10878407179485e-36	0.510886726018043	0.344	0.184	1.57140126527312e-31	2	Ccl-14812
Ccl-7434	1.04534476955566e-35	1.14265540380369	0.763	0.724	2.02577362892192e-31	2	Ccl-7434
Ccl-391	1.35252709030292e-35	0.533303947783075	0.241	0.103	2.62106224829803e-31	2	Ccl-391
Ccl-11160	7.71879626376655e-35	0.722801306537856	0.383	0.22	1.49582552795532e-30	2	Ccl-11160
Ccl-3040	1.01819973800209e-34	0.569735534482743	0.394	0.232	1.97316927227426e-30	2	Ccl-3040
Ccl-12639	4.4043509934288e-34	0.506026114132148	0.64	0.462	8.53519179016567e-30	2	Ccl-12639
Ccl-6729	1.27002387555859e-32	0.563084400699318	0.427	0.269	2.461179268445e-28	2	Ccl-6729
Ccl-5318	1.50863339805664e-31	0.509590666402651	0.558	0.411	2.92358066209397e-27	2	Ccl-5318
Ccl-10740	9.44265301369908e-31	0.50790128285928	0.357	0.209	1.82989172752475e-26	2	Ccl-10740
Ccl-18684	5.01987975694249e-28	0.641090207700176	0.415	0.266	9.72802498097885e-24	2	Ccl-18684
Ccl-4007	5.28716410160399e-28	0.503497273585077	0.755	0.703	1.02459953124984e-23	2	Ccl-4007
Ccl-5949	1.06088248346417e-20	0.507736588894628	0.274	0.161	2.05588416470522e-16	2	Ccl-5949
Ccl-18575	5.56639297015603e-19	0.520765660977831	0.219	0.121	1.07871129368654e-14	2	Ccl-18575
Ccl-506	4.86193879713078e-15	0.520576857387495	0.31	0.223	9.42195119495975e-11	2	Ccl-506
Ccl-7315	4.21009582843902e-06	0.860947953679948	0.113	0.073	0.0815874470593198	2	Ccl-7315
Ccl-13525	2.87289925863718e-256	3.31754351868722	0.729	0.026	5.567391473313e-252	3	Ccl-13525
Ccl-15526	1.12459589566934e-139	2.48268590593459	0.786	0.062	2.17935438621762e-135	3	Ccl-15526
Ccl-1860	5.46638541542325e-135	3.53024107595797	0.843	0.077	1.05933082965487e-130	3	Ccl-1860
Ccl-1847	2.57044594786419e-92	1.67288965076134	0.486	0.033	4.98126720236601e-88	3	Ccl-1847
Ccl-23265	5.95086917348664e-84	1.56536366607664	0.5	0.039	1.15321893712998e-79	3	Ccl-23265
Ccl-9141	1.19569398248128e-82	1.42187253963488	0.486	0.037	2.31713536865048e-78	3	Ccl-9141
Ccl-15930	6.28474928995573e-81	0.650618188836641	0.243	0.009	1.21792156490052e-76	3	Ccl-15930
Ccl-14775	1.98791816624158e-67	0.868696032399797	0.329	0.021	3.85238661435956e-63	3	Ccl-14775
Ccl-11364	2.4529316451469e-61	0.572714092552758	0.271	0.015	4.75353623513018e-57	3	Ccl-11364
Ccl-23231	9.84926150563874e-50	0.711695482817766	0.171	0.007	1.90868838717773e-45	3	Ccl-23231
Ccl-9492	4.28147380211074e-36	2.25788280348297	0.757	0.238	8.2970680811104e-32	3	Ccl-9492
Ccl-4471	1.61800810609311e-32	1.40623341585729	0.414	0.066	3.13553790879784e-28	3	Ccl-4471
Ccl-1696	1.45537664311093e-30	2.42799384969836	0.914	0.496	2.82037439668468e-26	3	Ccl-1696
Ccl-7519	4.0592537792789e-30	0.905011923136143	0.271	0.031	7.86642789886458e-26	3	Ccl-7519
Ccl-10842	1.33895874686481e-29	0.759548065566338	0.343	0.05	2.59476815554931e-25	3	Ccl-10842
Ccl-2736	5.13017657591153e-26	2.19893241282488	0.8	0.378	9.94176918645895e-22	3	Ccl-2736
Ccl-4470	3.97323729730352e-25	1.50688056484137	0.443	0.097	7.69973655844448e-21	3	Ccl-4470
Ccl-2830	5.80730686166608e-24	1.48600427849883	0.929	0.583	1.12539799672227e-19	3	Ccl-2830
Ccl-12308	1.01378880018242e-23	0.514115357608205	0.243	0.031	1.96462131587351e-19	3	Ccl-12308
Ccl-1758	1.24882979362702e-23	1.43936607104784	0.686	0.261	2.42010725706981e-19	3	Ccl-1758
Ccl-7120	1.2469387152051e-22	0.595153362383983	0.3	0.049	2.41644253619596e-18	3	Ccl-7120
Ccl-10437	1.79864576095093e-22	1.25936174902357	0.657	0.236	3.4855956201468e-18	3	Ccl-10437
Ccl-1596	2.42665778261664e-22	0.64382824383741	0.386	0.077	4.70262011693279e-18	3	Ccl-1596
Ccl-20261	2.49044326553056e-22	0.718331145497221	0.3	0.049	4.82623000427166e-18	3	Ccl-20261
Ccl-6615	8.09376683376339e-20	1.06725205109748	0.6	0.205	1.56849107471501e-15	3	Ccl-6615
Ccl-16580	8.51315313660137e-20	0.640112008006585	0.243	0.037	1.64976394634198e-15	3	Ccl-16580
Ccl-14386	8.56251226913762e-20	0.624830797721605	0.343	0.069	1.65932925263618e-15	3	Ccl-14386
Ccl-12782	4.66590568876975e-19	0.589884118462098	0.314	0.06	9.0420586342669e-15	3	Ccl-12782
Ccl-11189	6.93567763946869e-18	0.587259410532854	0.243	0.04	1.34406496975264e-13	3	Ccl-11189
Ccl-14500	1.64207351702624e-17	0.58146777272309	0.286	0.055	3.18217426864514e-13	3	Ccl-14500
Ccl-23232	1.74823371741131e-17	0.698811024570085	0.257	0.045	3.38790212097139e-13	3	Ccl-23232
Ccl-12066	1.06912889386538e-15	1.72310814392135	0.686	0.339	2.07186488342172e-11	3	Ccl-12066
Ccl-3049	1.94796741046218e-14	0.984585146728078	0.529	0.21	3.77496604473466e-10	3	Ccl-3049
Ccl-9140	1.9777289869203e-14	0.777320160584927	0.386	0.109	3.83264100375284e-10	3	Ccl-9140
Ccl-2552	3.00176397096172e-14	1.34819608109334	0.586	0.287	5.81711839932672e-10	3	Ccl-2552
Ccl-11818	8.68779828035311e-14	0.710097109192932	0.314	0.081	1.68360842874963e-09	3	Ccl-11818
Ccl-9843	9.91032513494683e-14	0.868968287319227	0.9	0.579	1.92052190790135e-09	3	Ccl-9843
Ccl-4944	1.43928824936533e-13	1.06376454252909	0.786	0.488	2.78919669844508e-09	3	Ccl-4944
Ccl-5860	4.82425207842916e-13	1.28666219764444	0.686	0.358	9.34891810278787e-09	3	Ccl-5860
Ccl-15659	5.28916068669259e-13	0.621285675186321	0.414	0.14	1.02498644947416e-08	3	Ccl-15659
Ccl-1103	7.83763227437277e-13	0.72439927548805	0.557	0.228	1.5188547584507e-08	3	Ccl-1103
Ccl-9614	1.22491440472915e-12	0.855748782256254	0.614	0.305	2.37376162492462e-08	3	Ccl-9614
Ccl-8134	1.89652292757598e-12	0.937324346259543	0.357	0.11	3.67527178134948e-08	3	Ccl-8134
Ccl-9809	3.1560242661711e-12	0.767764912632256	0.257	0.061	6.11605942541297e-08	3	Ccl-9809
Ccl-20506	5.79142264109029e-12	1.18569029404717	0.943	0.858	1.12231979361689e-07	3	Ccl-20506
Ccl-13438	1.02335792796441e-11	1.02685100934425	0.8	0.579	1.98316532860224e-07	3	Ccl-13438
Ccl-1956	2.33632508627251e-11	0.614517617577278	0.414	0.146	4.5275643846875e-07	3	Ccl-1956
Ccl-7913	1.00909794892068e-10	0.571883955559436	0.329	0.102	1.95553091521338e-06	3	Ccl-7913
Ccl-9878	1.17051757235951e-10	0.518900482098877	0.4	0.132	2.26834600347549e-06	3	Ccl-9878
Ccl-16891	1.65621781042896e-10	0.638136952152249	0.429	0.163	3.20958449483028e-06	3	Ccl-16891
Ccl-5583	2.89514701638767e-10	1.29935908941435	0.829	0.628	5.61050540305766e-06	3	Ccl-5583
Ccl-5477	3.83703765083531e-10	0.97078658500034	0.714	0.527	7.43579526355374e-06	3	Ccl-5477
Ccl-19880	4.03318648622586e-10	0.663497101327122	0.457	0.188	7.8159120916571e-06	3	Ccl-19880
Ccl-4699	9.72615299656005e-10	0.775699899508014	0.457	0.192	1.88483118920337e-05	3	Ccl-4699
Ccl-14740	1.03427085653494e-09	0.561779191067693	0.229	0.06	2.00431349287905e-05	3	Ccl-14740
Ccl-4099	1.51751722804401e-09	0.538047175907969	0.229	0.061	2.94079663622648e-05	3	Ccl-4099
Ccl-219	1.75308118707719e-09	0.847417014982827	0.757	0.515	3.39729603243689e-05	3	Ccl-219
Ccl-369	3.9768499043439e-09	0.560355936190366	0.357	0.133	7.70673742962804e-05	3	Ccl-369
Ccl-5203	5.09840599496294e-09	0.925270800681215	0.657	0.424	9.88020097763868e-05	3	Ccl-5203
Ccl-2733	5.39590432795297e-09	0.755271215097007	0.929	0.856	0.000104567229971401	3	Ccl-2733
Ccl-31	5.99020026256768e-09	0.734191453527314	0.986	0.955	0.000116084090888299	3	Ccl-31
Ccl-8229	7.63905386349534e-09	1.29231915840033	0.486	0.257	0.000148037224820676	3	Ccl-8229
Ccl-12771	7.70577852254297e-09	0.763148252069205	0.629	0.328	0.00014933028198836	3	Ccl-12771
Ccl-17955	9.88664739660521e-09	0.706083047394867	0.614	0.375	0.000191593339898812	3	Ccl-17955
Ccl-16276	1.13807426382322e-08	0.571919770440548	0.4	0.165	0.000220547411586301	3	Ccl-16276
Ccl-1164	1.2456989742466e-08	0.757777991510752	0.357	0.139	0.000241404004219248	3	Ccl-1164
Ccl-6616	3.05166324925355e-08	0.526139829661689	0.357	0.141	0.000591381821072845	3	Ccl-6616
Ccl-3807	5.24549716653833e-08	0.599219016249504	0.3	0.106	0.00101652489590346	3	Ccl-3807
Ccl-16391	6.19115788308662e-08	0.99845303969642	0.629	0.392	0.00119978448616336	3	Ccl-16391
Ccl-14297	9.55185828171693e-08	0.877687990916721	0.7	0.523	0.00185105461641392	3	Ccl-14297
Ccl-6186	1.02879333975508e-07	0.729288780350812	0.829	0.706	0.00199369861311136	3	Ccl-6186
Ccl-11086	1.15769177689962e-07	0.680279873417832	0.457	0.242	0.00224349089445378	3	Ccl-11086
Ccl-7049	1.3700139561444e-07	0.600422441038168	0.471	0.244	0.00265495004561223	3	Ccl-7049
Ccl-16430	1.53235771097525e-07	0.659105534064935	0.443	0.207	0.00296955600809894	3	Ccl-16430
Ccl-20539	2.50692697873366e-07	1.09215196076569	0.186	0.052	0.00485817379208796	3	Ccl-20539
Ccl-2719	3.04871867159827e-07	0.698767725749844	0.586	0.367	0.00590811191369029	3	Ccl-2719
Ccl-4620	3.06730402442524e-07	0.771418201934781	0.7	0.514	0.00594412846893367	3	Ccl-4620
Ccl-4681	8.95774350457132e-07	0.760144394632065	0.457	0.255	0.0173592111375088	3	Ccl-4681
Ccl-993	1.21721923508411e-06	0.58069083531356	0.2	0.064	0.0235884915566949	3	Ccl-993
Ccl-15521	2.55430207299281e-06	0.73827203559785	0.429	0.238	0.0494998198725277	3	Ccl-15521
Ccl-6373	2.69922649098735e-06	0.712114290742924	0.486	0.284	0.0523083101688438	3	Ccl-6373
Ccl-1202	2.72653422609045e-06	0.632040501606504	0.414	0.214	0.0528375067674069	3	Ccl-1202
Ccl-5041	3.51951788771338e-06	0.634438656317845	0.157	0.044	0.0682047371459976	3	Ccl-5041
Ccl-13942	3.75095326300058e-06	0.626719324638436	0.614	0.416	0.0726897232836883	3	Ccl-13942
Ccl-18776	3.8588805779551e-06	0.550660060695451	0.271	0.11	0.0747812467201918	3	Ccl-18776
Ccl-7681	4.06300600405378e-06	0.644279466760704	0.743	0.594	0.0787369933525581	3	Ccl-7681
Ccl-4645	5.27586576481889e-06	0.748903401894982	0.329	0.155	0.102241002656425	3	Ccl-4645
Ccl-4154	8.81116234564373e-06	0.933897916593496	0.586	0.444	0.17075151509623	3	Ccl-4154
Ccl-5262	9.7344974246725e-06	0.960336266169077	0.429	0.254	0.188644825592728	3	Ccl-5262
Ccl-2604	1.16539767354483e-05	0.627040423024113	0.4	0.225	0.225842415156252	3	Ccl-2604
Ccl-1750	1.57994683080428e-05	0.67178097647107	0.314	0.153	0.306177896341562	3	Ccl-1750
Ccl-7558	1.5891438650347e-05	0.5756468414491	0.357	0.183	0.307960189605074	3	Ccl-7558
Ccl-983	2.21895804540942e-05	0.999701541588751	0.829	0.761	0.430011879619891	3	Ccl-983
Ccl-14064	3.08162906556056e-05	0.539543281478143	0.529	0.337	0.597188896614982	3	Ccl-14064
Ccl-6451	3.80356133626152e-05	0.662316579467094	0.557	0.369	0.73709215135412	3	Ccl-6451
Ccl-8991	3.98769752932208e-05	0.645754763702792	0.729	0.614	0.772775904207326	3	Ccl-8991
Ccl-14953	4.23724531094833e-05	0.607568576002894	0.386	0.207	0.821135768808677	3	Ccl-14953
Ccl-14551	6.4656521697856e-05	0.550815785751534	0.643	0.461	1	3	Ccl-14551
Ccl-21382	6.57914204043836e-05	0.517520480127435	0.257	0.118	1	3	Ccl-21382
Ccl-6092	8.2368614061958e-05	0.632318519550875	0.414	0.253	1	3	Ccl-6092
Ccl-8043	0.000105224808294641	0.50726550593163	0.386	0.223	1	3	Ccl-8043
Ccl-13871	0.000127525599276536	0.557542739132257	0.514	0.352	1	3	Ccl-13871
Ccl-1010	0.000327911214502429	0.507709854140273	0.557	0.418	1	3	Ccl-1010
Ccl-18684	0.000647378369234411	0.965564459996232	0.414	0.279	1	3	Ccl-18684
Ccl-14418	0.000722796452756513	0.62123358496751	0.257	0.132	1	3	Ccl-14418
Ccl-1117	0.0019723335871636	0.532758484699449	0.429	0.329	1	3	Ccl-1117
Ccl-12175	0.00231199799081528	0.565409880257462	0.386	0.246	1	3	Ccl-12175
Ccl-2413	0.00315264888589403	0.503253507099283	0.3	0.183	1	3	Ccl-2413
Ccl-4898	0.00501254613146495	0.670280909001418	0.214	0.116	1	3	Ccl-4898
Ccl-11553	0.00699977990853283	0.552969595201469	0.229	0.13	1	3	Ccl-11553
Ccl-17189	0.00917947175193589	0.50370718981234	0.229	0.132	1	3	Ccl-17189
Ccl-14861	0	3.63977580458408	0.986	0.226	0	4	Ccl-14861
Ccl-14874	0	3.48581767257212	0.982	0.351	0	4	Ccl-14874
Ccl-1838	0	3.41532934173739	0.962	0.127	0	4	Ccl-1838
Ccl-21328	0	2.34844432204553	0.894	0.169	0	4	Ccl-21328
Ccl-18950	0	2.27814011457001	0.824	0.138	0	4	Ccl-18950
Ccl-14859	0	2.0263160129796	0.632	0.064	0	4	Ccl-14859
Ccl-4236	0	1.66906796068471	0.616	0.027	0	4	Ccl-4236
Ccl-16335	0	1.66218020700869	0.571	0.042	0	4	Ccl-16335
Ccl-4959	0	1.57696159942411	0.54	0.049	0	4	Ccl-4959
Ccl-14029	0	1.42743857468753	0.379	0.019	0	4	Ccl-14029
Ccl-10701	0	1.28416997023643	0.54	0.027	0	4	Ccl-10701
Ccl-16571	0	0.739288490237433	0.343	0.014	0	4	Ccl-16571
Ccl-12715	8.14526059450726e-306	1.33557213183076	0.442	0.034	1.57847005060956e-301	4	Ccl-12715
Ccl-18774	1.43665914842812e-293	1.91632633517882	0.853	0.193	2.78410176373886e-289	4	Ccl-18774
Ccl-15713	9.84155287244101e-263	0.582174867640491	0.264	0.01	1.90719453115034e-258	4	Ccl-15713
Ccl-1152	5.14409634726705e-255	0.9121416958331	0.348	0.024	9.96874431136883e-251	4	Ccl-1152
Ccl-2060	6.62954087580382e-250	1.05255561596075	0.427	0.041	1.28473872632202e-245	4	Ccl-2060
Ccl-2846	4.58003230698302e-244	0.679431221591151	0.312	0.019	8.87564460770239e-240	4	Ccl-2846
Ccl-9894	1.02586672909854e-242	0.941614900133021	0.415	0.04	1.98802713432007e-238	4	Ccl-9894
Ccl-3471	4.64685593442333e-206	0.778596444736612	0.289	0.02	9.00514211531898e-202	4	Ccl-3471
Ccl-2077	3.69158748161518e-188	1.28727234077795	0.668	0.154	7.15392738062206e-184	4	Ccl-2077
Ccl-12753	9.87400238623135e-184	0.687745587767044	0.255	0.018	1.91348292242777e-179	4	Ccl-12753
Ccl-4275	9.54394294943194e-180	0.609077683743607	0.307	0.028	1.84952070417042e-175	4	Ccl-4275
Ccl-12557	5.99700216844646e-175	0.530478126698447	0.239	0.016	1.16215905022324e-170	4	Ccl-12557
Ccl-6106	2.59175194059361e-147	1.21103503971374	0.628	0.166	5.02255608567636e-143	4	Ccl-6106
Ccl-10700	8.91712865382498e-145	0.962274397599016	0.431	0.078	1.72805036182474e-140	4	Ccl-10700
Ccl-6495	6.82636486354607e-122	1.3362301043949	0.503	0.126	1.32288124690659e-117	4	Ccl-6495
Ccl-21581	5.41809087697654e-120	1.00147794218846	0.483	0.115	1.04997183104928e-115	4	Ccl-21581
Ccl-296	1.6606790120977e-119	0.671097795459833	0.323	0.05	3.21822985754412e-115	4	Ccl-296
Ccl-4899	1.02671559026211e-118	0.656027677428572	0.321	0.05	1.98967214236895e-114	4	Ccl-4899
Ccl-15057	3.04285704600595e-116	0.59363729373738	0.296	0.043	5.89675266945492e-112	4	Ccl-15057
Ccl-1960	3.24683642504154e-112	1.13549297654061	0.648	0.241	6.292044308088e-108	4	Ccl-1960
Ccl-13194	2.79048331158814e-111	0.533102258211316	0.219	0.024	5.40767760952665e-107	4	Ccl-13194
Ccl-5734	4.898470731604e-108	1.25963709705587	0.661	0.249	9.4927464307754e-104	4	Ccl-5734
Ccl-10575	3.51511599489859e-107	0.587342834337594	0.298	0.047	6.81194328651398e-103	4	Ccl-10575
Ccl-11909	5.77610535470197e-102	0.982433201186122	0.56	0.175	1.11935145668769e-97	4	Ccl-11909
Ccl-12861	1.29329960488618e-101	0.571502257581946	0.266	0.04	2.50628530430892e-97	4	Ccl-12861
Ccl-14882	5.40724000198974e-100	0.873095523596706	0.363	0.078	1.04786903998559e-95	4	Ccl-14882
Ccl-5417	1.02464531728974e-98	0.503099962002217	0.278	0.044	1.98566016037579e-94	4	Ccl-5417
Ccl-4850	9.10090442068106e-96	0.677588838388979	0.334	0.066	1.76366426768378e-91	4	Ccl-4850
Ccl-11371	3.64940486168915e-94	1.03764815884718	0.655	0.27	7.0721816814674e-90	4	Ccl-11371
Ccl-15272	1.44739452937716e-92	1.10529820942108	0.621	0.243	2.80490585848e-88	4	Ccl-15272
Ccl-9878	7.47654426448843e-92	0.739770788486684	0.456	0.116	1.44887951301521e-87	4	Ccl-9878
Ccl-21502	2.39109217672638e-91	1.34476498030121	0.643	0.272	4.63369752927806e-87	4	Ccl-21502
Ccl-3255	2.73849200057214e-90	0.803534321056946	0.431	0.115	5.30692364790875e-86	4	Ccl-3255
Ccl-4025	1.36040358723793e-80	0.785103954786931	0.508	0.176	2.63632611170838e-76	4	Ccl-4025
Ccl-7596	1.3823207898893e-80	1.25581058417813	0.758	0.445	2.67879945872648e-76	4	Ccl-7596
Ccl-16346	2.03159228011954e-78	1.0515627330661	0.582	0.23	3.93702267964365e-74	4	Ccl-16346
Ccl-6807	3.70807356316603e-77	0.992425357512647	0.722	0.389	7.18587575805945e-73	4	Ccl-6807
Ccl-11098	1.07440163438628e-75	0.924384074393647	0.524	0.188	2.08208292727717e-71	4	Ccl-11098
Ccl-18212	1.20810170256548e-74	0.762282452252725	0.481	0.164	2.34118028940165e-70	4	Ccl-18212
Ccl-765	2.72928328431538e-74	0.669331086219888	0.242	0.045	5.28907807667477e-70	4	Ccl-765
Ccl-5860	1.32421359575324e-71	0.839800654786083	0.713	0.342	2.5661935272102e-67	4	Ccl-5860
Ccl-17079	8.26362873563379e-70	0.595876439353999	0.323	0.08	1.60140861267847e-65	4	Ccl-17079
Ccl-10840	3.03906631856181e-65	0.638094083498042	0.404	0.127	5.88940661874093e-61	4	Ccl-10840
Ccl-21644	1.22759140946071e-62	0.909731024716297	0.661	0.354	2.37894939239392e-58	4	Ccl-21644
Ccl-5810	1.57510681156186e-62	1.02734753718294	0.675	0.385	3.05239949012573e-58	4	Ccl-5810
Ccl-16215	6.57935654603488e-60	0.803104879485111	0.485	0.188	1.2750135050561e-55	4	Ccl-16215
Ccl-7543	7.31245707527484e-60	0.770506450294739	0.472	0.184	1.41708105661751e-55	4	Ccl-7543
Ccl-6504	1.11830722320898e-59	0.701421628476359	0.336	0.098	2.16716756785668e-55	4	Ccl-6504
Ccl-15869	5.13691070290189e-58	0.809499935280974	0.797	0.489	9.95481925115357e-54	4	Ccl-15869
Ccl-2737	9.54133695926199e-58	0.890914261840441	0.77	0.556	1.84901568933538e-53	4	Ccl-2737
Ccl-20941	6.37153725247013e-57	0.663598861935834	0.463	0.184	1.23474020415619e-52	4	Ccl-20941
Ccl-12356	1.0762331955367e-56	0.58464769198738	0.321	0.091	2.08563230963057e-52	4	Ccl-12356
Ccl-3795	1.7841976052973e-54	0.585676573557093	0.257	0.064	3.45759653930564e-50	4	Ccl-3795
Ccl-10711	2.18097665046355e-53	0.86125474583897	0.377	0.134	4.22651465093332e-49	4	Ccl-10711
Ccl-18705	3.15385539444056e-51	0.836883931074248	0.549	0.273	6.11185636888636e-47	4	Ccl-18705
Ccl-6434	4.9036404235223e-50	0.588112593018965	0.336	0.112	9.50276477674387e-46	4	Ccl-6434
Ccl-9505	8.915236835674e-48	0.624542740849227	0.451	0.189	1.72768374638527e-43	4	Ccl-9505
Ccl-11095	7.10337460951605e-47	0.686060769968316	0.424	0.17	1.37656296557812e-42	4	Ccl-11095
Ccl-12710	1.76547714516813e-46	0.50476917232495	0.343	0.119	3.42131815962131e-42	4	Ccl-12710
Ccl-11445	1.83541029299e-46	0.833599583089624	0.492	0.221	3.55684160678533e-42	4	Ccl-11445
Ccl-10843	3.44976009991054e-46	0.558714285155332	0.372	0.133	6.68529009761663e-42	4	Ccl-10843
Ccl-4362	3.64186611320551e-46	0.737559394098895	0.562	0.288	7.05757234078096e-42	4	Ccl-4362
Ccl-12124	1.13443831372586e-45	0.761411823157619	0.648	0.361	2.19842800816935e-41	4	Ccl-12124
Ccl-13518	3.54127914983406e-45	0.74991162861502	0.377	0.144	6.86264486446342e-41	4	Ccl-13518
Ccl-14052	4.7877327365387e-42	0.849504881800082	0.704	0.511	9.27814727013835e-38	4	Ccl-14052
Ccl-12676	8.74011589134728e-39	0.580003794095642	0.449	0.211	1.69374705858419e-34	4	Ccl-12676
Ccl-7329	5.29410877228943e-38	0.508781280918026	0.289	0.1	1.02594533898197e-33	4	Ccl-7329
Ccl-5318	7.908850706966e-38	0.679082288953311	0.641	0.413	1.53265617850294e-33	4	Ccl-5318
Ccl-383	6.90711635671773e-37	0.749419789873205	0.544	0.315	1.33853007876833e-32	4	Ccl-383
Ccl-18684	1.39329050429375e-36	1.02893520827371	0.492	0.269	2.70005766827085e-32	4	Ccl-18684
Ccl-7053	5.11348807323723e-36	0.67033170846882	0.429	0.207	9.90942853712642e-32	4	Ccl-7053
Ccl-11106	1.42938866816353e-35	0.572056903812405	0.296	0.109	2.77001230003411e-31	4	Ccl-11106
Ccl-544	1.51540783353083e-34	0.655351081744007	0.503	0.268	2.9367088405994e-30	4	Ccl-544
Ccl-1496	5.95962766387558e-31	0.583029870441304	0.372	0.173	1.15491624498245e-26	4	Ccl-1496
Ccl-27	2.38522479095537e-29	0.543728758657184	0.339	0.153	4.62232712239241e-25	4	Ccl-27
Ccl-1258	2.94698215338893e-26	0.584605888499966	0.707	0.562	5.7109567150524e-22	4	Ccl-1258
Ccl-7681	5.35615049335838e-26	0.603941015439644	0.722	0.588	1.03796840410792e-21	4	Ccl-7681
Ccl-13805	8.37928439731761e-26	0.551639774947987	0.388	0.207	1.62382152335618e-21	4	Ccl-13805
Ccl-7331	1.04598042949959e-25	0.69788544824453	0.449	0.265	2.02700547432726e-21	4	Ccl-7331
Ccl-15334	6.86113073748713e-25	0.624236745294279	0.546	0.357	1.32961852561763e-20	4	Ccl-15334
Ccl-9661	1.31514092756985e-24	0.551016046946447	0.424	0.234	2.5486116035376e-20	4	Ccl-9661
Ccl-12605	1.17691570701262e-22	0.67844655753783	0.449	0.276	2.28074494861975e-18	4	Ccl-12605
Ccl-3258	7.387658458336e-21	0.808872120719881	0.492	0.326	1.43165433264093e-16	4	Ccl-3258
Ccl-6934	2.7311093267264e-20	0.525669060980384	0.282	0.135	5.29261676426309e-16	4	Ccl-6934
Ccl-3154	2.75121058274093e-17	0.539028958026899	0.578	0.429	5.33157098829366e-13	4	Ccl-3154
Ccl-8695	3.87343712760621e-15	0.500851608538548	0.44	0.305	7.50633380958808e-11	4	Ccl-8695
Ccl-11445	0	2.34665757635174	0.867	0.184	0	5	Ccl-11445
Ccl-14372	0	0.916817336899259	0.438	0.032	0	5	Ccl-14372
Ccl-3020	0	0.742141175948479	0.39	0.019	0	5	Ccl-3020
Ccl-16301	1.41626516142375e-278	2.17377244353397	0.954	0.406	2.74458025632309e-274	5	Ccl-16301
Ccl-18947	2.88020248742391e-273	0.575774018214229	0.27	0.014	5.58154440037879e-269	5	Ccl-18947
Ccl-2354	2.17996590859107e-269	0.689660655352455	0.358	0.032	4.22455593425863e-265	5	Ccl-2354
Ccl-9686	1.32908036895844e-238	0.653165895320438	0.4	0.049	2.57562484700456e-234	5	Ccl-9686
Ccl-7316	7.60881481229057e-225	2.97685967100588	0.707	0.242	1.47451222247379e-220	5	Ccl-7316
Ccl-12905	2.55808601765352e-221	0.574924942699511	0.341	0.037	4.95731489361075e-217	5	Ccl-12905
Ccl-15869	4.53198386988099e-221	1.62664507934632	0.944	0.47	8.78253154144237e-217	5	Ccl-15869
Ccl-14371	1.70127288736334e-201	0.620189412097661	0.395	0.056	3.29689672842142e-197	5	Ccl-14371
Ccl-20233	3.384863129531e-192	0.581284691629152	0.247	0.02	6.55952625871812e-188	5	Ccl-20233
Ccl-5860	6.39636919563729e-182	1.21841991597721	0.801	0.325	1.23955238642255e-177	5	Ccl-5860
Ccl-17065	1.7840435757092e-160	0.691025913866267	0.387	0.072	3.45729804536687e-156	5	Ccl-17065
Ccl-12636	4.25610215882499e-159	0.966031073426416	0.698	0.234	8.24790037358696e-155	5	Ccl-12636
Ccl-153	2.0231860425377e-149	0.817771131869066	0.515	0.135	3.92073223183381e-145	5	Ccl-153
Ccl-1516	8.25724035943656e-143	0.562273376203997	0.333	0.058	1.60017060925521e-138	5	Ccl-1516
Ccl-12704	2.30353172453096e-138	0.55649218351747	0.329	0.058	4.46401412896854e-134	5	Ccl-12704
Ccl-4822	1.52496416391484e-136	0.664956286572582	0.906	0.447	2.95522805325057e-132	5	Ccl-4822
Ccl-18575	2.08142882167032e-133	0.696675417381906	0.437	0.106	4.03360091351492e-129	5	Ccl-18575
Ccl-1795	4.93700750370135e-133	0.632428179632497	0.346	0.067	9.56742684142285e-129	5	Ccl-1795
Ccl-11257	4.29225083592829e-132	0.658044231386728	0.375	0.08	8.31795289494543e-128	5	Ccl-11257
Ccl-13030	5.23823568440273e-132	0.656059281202385	0.31	0.055	1.0151176932804e-127	5	Ccl-13030
Ccl-13049	6.20601507160923e-121	0.596059196633353	0.353	0.077	1.20266366072715e-116	5	Ccl-13049
Ccl-15133	9.66607239615752e-116	0.63651789633518	0.454	0.129	1.87318816965137e-111	5	Ccl-15133
Ccl-11366	5.21291910963877e-113	0.824198854108822	0.551	0.196	1.0102115942569e-108	5	Ccl-11366
Ccl-20469	4.27670609583994e-100	0.669687116786129	0.531	0.192	8.28782874312823e-96	5	Ccl-20469
Ccl-19684	4.48524863389869e-100	1.13486384258785	0.613	0.288	8.69196332763226e-96	5	Ccl-19684
Ccl-7315	1.26314726187913e-98	0.725740874812419	0.287	0.06	2.44785307879557e-94	5	Ccl-7315
Ccl-13277	9.1489749053783e-94	0.846791231815766	0.955	0.774	1.77297984691326e-89	5	Ccl-13277
Ccl-712	4.03102024193698e-93	0.551304358873873	0.306	0.072	7.81171412684967e-89	5	Ccl-712
Ccl-14562	1.11926369176939e-92	0.774941686706959	0.645	0.312	2.1690211082799e-88	5	Ccl-14562
Ccl-16425	9.88012327593629e-89	0.524130867793575	0.39	0.118	1.91466908964369e-84	5	Ccl-16425
Ccl-6807	2.04122704310863e-82	0.700378663990726	0.704	0.382	3.95569388684022e-78	5	Ccl-6807
Ccl-4365	8.96095208162859e-82	0.840177654129921	0.634	0.311	1.7365429038988e-77	5	Ccl-4365
Ccl-1949	2.10417889981041e-81	0.716440445125436	0.373	0.12	4.07768828994259e-77	5	Ccl-1949
Ccl-16721	8.811718158951e-81	0.551303230337864	0.455	0.167	1.70762286202311e-76	5	Ccl-16721
Ccl-10865	2.9822156381476e-80	0.524699676374831	0.356	0.106	5.77923568516623e-76	5	Ccl-10865
Ccl-2375	2.16605100268256e-79	0.688391769174571	0.432	0.153	4.19759023809854e-75	5	Ccl-2375
Ccl-11909	8.62412907859446e-70	0.605586643403848	0.449	0.174	1.67126997414082e-65	5	Ccl-11909
Ccl-7467	4.29540849990626e-69	0.617680206778964	0.441	0.175	8.32407213196834e-65	5	Ccl-7467
Ccl-6709	6.36831446806531e-63	0.584262045459482	0.472	0.212	1.23411566076638e-58	5	Ccl-6709
Ccl-14874	1.58219450349828e-60	1.15716862292637	0.614	0.364	3.06613472832931e-56	5	Ccl-14874
Ccl-17963	2.06972693405776e-60	0.609714419814179	0.489	0.232	4.01092382551053e-56	5	Ccl-17963
Ccl-4064	8.3734376269944e-59	0.504522868032998	0.383	0.143	1.62268847773524e-54	5	Ccl-4064
Ccl-20796	1.15446469486315e-56	0.606481915118915	0.622	0.364	2.2372371321753e-52	5	Ccl-20796
Ccl-8046	6.42671252806252e-55	0.75493356348474	0.719	0.519	1.24543262081324e-50	5	Ccl-8046
Ccl-7389	8.03948737047803e-55	0.657646445233768	0.733	0.552	1.55797225752494e-50	5	Ccl-7389
Ccl-4104	1.91786037094224e-43	0.530957714089243	0.545	0.32	3.71662161284896e-39	5	Ccl-4104
Ccl-3503	4.98087061486224e-36	0.536409268155116	0.431	0.233	9.65242916454154e-32	5	Ccl-3503
Ccl-10711	1.88750946409686e-33	0.518294413029122	0.301	0.134	3.65780459047331e-29	5	Ccl-10711
Ccl-1258	3.79565501603837e-30	0.63191399337538	0.687	0.56	7.35559985558076e-26	5	Ccl-1258
Ccl-2393	4.19284575052289e-28	0.554148208518434	0.526	0.356	8.12531577993832e-24	5	Ccl-2393
Ccl-7875	3.5099629380672e-23	0.700785892676842	0.275	0.146	6.80195717768042e-19	5	Ccl-7875
Ccl-2392	2.09927842309053e-22	0.555214861154066	0.596	0.436	4.06819165610714e-18	5	Ccl-2392
Ccl-4656	0	0.70184707954736	0.441	0.013	0	6	Ccl-4656
Ccl-9912	4.64585690867595e-280	0.79458893724107	0.53	0.029	9.00320610332313e-276	6	Ccl-9912
Ccl-6148	9.52385781153018e-278	1.74052852060376	0.876	0.098	1.84562840529643e-273	6	Ccl-6148
Ccl-11797	1.10224000364464e-259	0.584599779162897	0.337	0.011	2.13603090306296e-255	6	Ccl-11797
Ccl-14736	6.40874228089975e-255	1.25990395852091	0.668	0.056	1.24195016661556e-250	6	Ccl-14736
Ccl-13245	9.55613785909571e-244	0.684164301315598	0.411	0.019	1.85188395571416e-239	6	Ccl-13245
Ccl-17074	2.6909301652028e-236	0.7250430764942	0.421	0.021	5.21475356714651e-232	6	Ccl-17074
Ccl-8070	2.83534880423183e-222	1.16740596707585	0.599	0.053	5.49462244772087e-218	6	Ccl-8070
Ccl-11136	2.29760535415626e-207	1.1352050718744	0.688	0.074	4.45252941581941e-203	6	Ccl-11136
Ccl-5904	9.82820096053385e-207	0.748887457056567	0.431	0.027	1.90460706414186e-202	6	Ccl-5904
Ccl-5308	8.76301510885244e-206	0.632404030638252	0.406	0.023	1.69818469794451e-201	6	Ccl-5308
Ccl-2171	7.93373795057314e-202	0.86397480271634	0.545	0.046	1.53747907744157e-197	6	Ccl-2171
Ccl-4659	1.23560225058703e-192	1.62164498708643	0.822	0.123	2.3944736014126e-188	6	Ccl-4659
Ccl-483	4.04785013922741e-192	1.10833594324921	0.683	0.08	7.8443287848088e-188	6	Ccl-483
Ccl-9693	8.66092694874408e-192	1.06019316460474	0.668	0.073	1.67840103339711e-187	6	Ccl-9693
Ccl-4671	3.25837623141754e-187	1.31222589280272	0.802	0.117	6.31440729886404e-183	6	Ccl-4671
Ccl-1950	1.22094323760923e-186	0.851195327712612	0.569	0.054	2.36606590016292e-182	6	Ccl-1950
Ccl-17522	2.12116073289339e-186	0.90253434231903	0.579	0.058	4.11059738427411e-182	6	Ccl-17522
Ccl-15655	1.03439699026831e-183	0.833512896334613	0.505	0.043	2.00455792744096e-179	6	Ccl-15655
Ccl-496	1.90056820859163e-181	1.09365838488237	0.653	0.078	3.68311113142973e-177	6	Ccl-496
Ccl-7572	4.71455473489008e-181	1.10671292248209	0.688	0.086	9.13633562074349e-177	6	Ccl-7572
Ccl-784	1.57739059167877e-175	0.954267663173426	0.564	0.058	3.0568252276143e-171	6	Ccl-784
Ccl-21754	6.27218132116139e-175	0.607422290341405	0.366	0.023	1.21548601822787e-170	6	Ccl-21754
Ccl-10325	2.99616735973918e-173	1.96679180833414	0.861	0.166	5.80627272643857e-169	6	Ccl-10325
Ccl-17258	3.02498030992645e-170	1.10760468794509	0.644	0.081	5.86210934260647e-166	6	Ccl-17258
Ccl-3833	6.80983946726448e-170	0.836966091789477	0.505	0.048	1.31967879036118e-165	6	Ccl-3833
Ccl-12849	1.48441370327992e-164	1.01254129160622	0.693	0.096	2.87664531558616e-160	6	Ccl-12849
Ccl-1726	6.18519557314242e-164	0.564858582841135	0.376	0.026	1.19862905011927e-159	6	Ccl-1726
Ccl-6379	8.58180380170123e-161	1.0805182978863	0.663	0.09	1.66306775873168e-156	6	Ccl-6379
Ccl-402	3.83812619343188e-157	0.62984281878809	0.431	0.036	7.43790475025163e-153	6	Ccl-402
Ccl-7378	2.00448577017117e-152	1.57449840766496	0.871	0.17	3.88449297401471e-148	6	Ccl-7378
Ccl-13893	3.29189113190361e-145	0.567253038743077	0.416	0.036	6.37935582451601e-141	6	Ccl-13893
Ccl-14372	2.07818716909729e-144	0.92355859280115	0.49	0.052	4.02731891499364e-140	6	Ccl-14372
Ccl-2346	2.20887422518798e-143	0.803263271516481	0.49	0.053	4.28057736099179e-139	6	Ccl-2346
Ccl-1781	3.21143651989376e-141	0.799982824137772	0.594	0.079	6.22344283190212e-137	6	Ccl-1781
Ccl-4064	1.49362529592276e-139	1.29250993090892	0.767	0.147	2.89449646096872e-135	6	Ccl-4064
Ccl-7312	4.17215902756014e-136	0.669940471618456	0.525	0.063	8.0852269795088e-132	6	Ccl-7312
Ccl-14671	1.54863477745763e-134	0.651208274429048	0.46	0.048	3.00109933523514e-130	6	Ccl-14671
Ccl-153	8.20942561726416e-134	1.23652337870168	0.767	0.149	1.59090459036962e-129	6	Ccl-153
Ccl-6097	2.02315811240497e-133	0.601779496434254	0.376	0.033	3.92067810602959e-129	6	Ccl-6097
Ccl-13262	5.58114050945998e-130	1.0747932702888	0.757	0.139	1.08156921932825e-125	6	Ccl-13262
Ccl-8153	1.62494668014771e-124	1.30272726164275	0.861	0.191	3.14898417145825e-120	6	Ccl-8153
Ccl-19948	5.51868852381455e-124	0.811263952499206	0.545	0.073	1.06946664903002e-119	6	Ccl-19948
Ccl-1756	3.34742196500095e-122	0.78588772176603	0.455	0.054	6.48696902597534e-118	6	Ccl-1756
Ccl-3188	6.96591343508346e-122	0.693667534690477	0.426	0.047	1.34992436458482e-117	6	Ccl-3188
Ccl-11257	3.45799122431137e-121	0.93878262222301	0.584	0.091	6.701241193593e-117	6	Ccl-11257
Ccl-11366	2.16154459710886e-117	1.31358406268032	0.827	0.208	4.18885727473726e-113	6	Ccl-11366
Ccl-10328	1.63404710132172e-116	1.19535971092053	0.777	0.174	3.16661987765136e-112	6	Ccl-10328
Ccl-6754	3.59291270774757e-115	0.7809155624283	0.604	0.096	6.96270553634401e-111	6	Ccl-6754
Ccl-4617	1.18201104748984e-113	0.905225765796684	0.614	0.105	2.29061920893056e-109	6	Ccl-4617
Ccl-16018	2.08143382367511e-110	1.05577166673383	0.703	0.149	4.03361060689999e-106	6	Ccl-16018
Ccl-6392	6.55648531386907e-110	0.567956930665746	0.436	0.053	1.27058128897469e-105	6	Ccl-6392
Ccl-3915	1.60395040770141e-109	0.742434276902826	0.52	0.077	3.10829549508457e-105	6	Ccl-3915
Ccl-163	9.67819518614876e-109	0.76806776477058	0.495	0.071	1.87553744512377e-104	6	Ccl-163
Ccl-2155	6.57285597477365e-108	0.736005854532376	0.52	0.077	1.27375375935139e-103	6	Ccl-2155
Ccl-11706	1.33840018221707e-107	0.66545151447249	0.475	0.065	2.59368571311846e-103	6	Ccl-11706
Ccl-232	4.32282992960149e-103	0.964509358254377	0.609	0.114	8.37721212057472e-99	6	Ccl-232
Ccl-782	4.33560236660942e-103	0.575039454059347	0.441	0.057	8.40196382625239e-99	6	Ccl-782
Ccl-12704	6.11236938084645e-101	0.64293120850888	0.475	0.069	1.18451606231423e-96	6	Ccl-12704
Ccl-13338	1.72802709899518e-100	0.597900536814514	0.406	0.051	3.34874371514276e-96	6	Ccl-13338
Ccl-20359	5.78519642898133e-100	0.524218513140601	0.307	0.029	1.12111321597229e-95	6	Ccl-20359
Ccl-12520	1.38077910050813e-99	0.713446261187189	0.465	0.066	2.6758118188747e-95	6	Ccl-12520
Ccl-8290	7.45980902552018e-97	0.780615442342062	0.594	0.113	1.44563639105556e-92	6	Ccl-8290
Ccl-1180	2.33685877315129e-95	1.54657461005813	0.946	0.328	4.52859861648989e-91	6	Ccl-1180
Ccl-11445	8.9426106856986e-94	1.07561529681722	0.832	0.221	1.73298852478153e-89	6	Ccl-11445
Ccl-10254	9.33206966550194e-94	0.514785352751549	0.361	0.043	1.80846178047762e-89	6	Ccl-10254
Ccl-4217	3.24800093789569e-92	0.535978215593327	0.366	0.045	6.29430101754805e-88	6	Ccl-4217
Ccl-22899	6.17030890193126e-92	0.681277287589132	0.495	0.082	1.19574416210526e-87	6	Ccl-22899
Ccl-19072	2.08142894495034e-91	0.661132054602946	0.5	0.083	4.03360115241927e-87	6	Ccl-19072
Ccl-1807	1.22995998341611e-90	0.522834066863903	0.322	0.035	2.38353945186207e-86	6	Ccl-1807
Ccl-10865	5.76597287591916e-90	0.905717221421714	0.569	0.114	1.11738788362437e-85	6	Ccl-10865
Ccl-3647	5.36073381830279e-89	0.628342119485277	0.46	0.072	1.0388566066489e-84	6	Ccl-3647
Ccl-1304	6.06632803768945e-89	0.913082012804058	0.629	0.143	1.17559371042384e-84	6	Ccl-1304
Ccl-8208	8.3523839967397e-89	0.556993627802236	0.446	0.068	1.61860849472819e-84	6	Ccl-8208
Ccl-10218	9.67714560061918e-88	0.562269959873058	0.45	0.069	1.87533404594399e-83	6	Ccl-10218
Ccl-3665	7.97456240474784e-87	0.724886039916176	0.55	0.103	1.54539044841608e-82	6	Ccl-3665
Ccl-18349	1.0872013603282e-86	0.671507314883725	0.46	0.074	2.10688751618001e-82	6	Ccl-18349
Ccl-22171	1.22570446938861e-85	0.99210919677194	0.703	0.167	2.37529269122818e-81	6	Ccl-22171
Ccl-2258	2.54130971244985e-84	0.870318095050635	0.569	0.117	4.92480409175656e-80	6	Ccl-2258
Ccl-2499	5.76813060172691e-84	0.675526808093642	0.455	0.076	1.11780602930866e-79	6	Ccl-2499
Ccl-5911	1.50954720633279e-83	0.531499916748826	0.386	0.055	2.9253515311523e-79	6	Ccl-5911
Ccl-6705	2.74192409040014e-83	0.751259304393415	0.53	0.097	5.31357469478644e-79	6	Ccl-6705
Ccl-14648	2.87276749071213e-82	1.15380555147535	0.817	0.288	5.56713612025104e-78	6	Ccl-14648
Ccl-936	2.22221703714159e-81	0.526813147884755	0.347	0.045	4.30643439627668e-77	6	Ccl-936
Ccl-2208	1.95392057987404e-80	0.554101055210636	0.416	0.063	3.78650269173791e-76	6	Ccl-2208
Ccl-8690	4.66131756211577e-79	0.768540561450215	0.599	0.13	9.03316730362415e-75	6	Ccl-8690
Ccl-12238	8.33936296912116e-79	0.643041461620508	0.53	0.105	1.61608514978599e-74	6	Ccl-12238
Ccl-16301	3.03937868955513e-78	1.63237590130663	0.965	0.434	5.89001196248888e-74	6	Ccl-16301
Ccl-3131	1.53636768629468e-77	0.537955114162566	0.396	0.062	2.97732693927045e-73	6	Ccl-3131
Ccl-11055	3.63789639738563e-77	0.713057160566666	0.54	0.112	7.04987942849362e-73	6	Ccl-11055
Ccl-18760	4.13959104132394e-77	0.582920469182937	0.47	0.084	8.02211347898167e-73	6	Ccl-18760
Ccl-5656	4.77803286650934e-77	0.509638035293486	0.347	0.048	9.25934989200845e-73	6	Ccl-5656
Ccl-19684	7.56615045767144e-77	1.16823902706141	0.837	0.3	1.46624429719215e-72	6	Ccl-19684
Ccl-152	2.55377864837826e-76	0.752161411736168	0.599	0.133	4.94896764269224e-72	6	Ccl-152
Ccl-14493	1.73618426249448e-75	0.600849801525368	0.45	0.079	3.36455148228804e-71	6	Ccl-14493
Ccl-10383	2.05043772498801e-75	0.748702478551365	0.599	0.136	3.97354326725426e-71	6	Ccl-10383
Ccl-3726	4.72904879770316e-75	0.598337318613954	0.441	0.078	9.16442366506896e-71	6	Ccl-3726
Ccl-10079	8.0942500099388e-74	0.849393958983502	0.619	0.142	1.56858470942604e-69	6	Ccl-10079
Ccl-16070	3.08728211178779e-73	1.03449651743757	0.728	0.235	5.98284400443356e-69	6	Ccl-16070
Ccl-2137	5.83948115265297e-73	0.765010365057401	0.599	0.141	1.13163305257262e-68	6	Ccl-2137
Ccl-16027	9.62340627768602e-73	0.822100506272341	0.574	0.133	1.86491990255277e-68	6	Ccl-16027
Ccl-11877	1.69187057552309e-72	0.599093678253724	0.426	0.074	3.27867598830619e-68	6	Ccl-11877
Ccl-6552	2.00662399984985e-72	0.624680543853128	0.475	0.092	3.88863664930902e-68	6	Ccl-6552
Ccl-12636	2.58689459990748e-72	0.962413851604114	0.802	0.256	5.0131430451607e-68	6	Ccl-12636
Ccl-12665	9.25669146469033e-71	0.676820608064419	0.475	0.096	1.79385423894234e-66	6	Ccl-12665
Ccl-20970	9.63903660886421e-71	0.697978846408064	0.614	0.142	1.8679489044318e-66	6	Ccl-20970
Ccl-17337	9.77084005490765e-71	0.824683313690025	0.698	0.2	1.89349109424055e-66	6	Ccl-17337
Ccl-9263	3.63266895449287e-70	0.585293193319904	0.366	0.059	7.03974916691173e-66	6	Ccl-9263
Ccl-21767	2.02176714098199e-68	0.666898861822291	0.525	0.117	3.91798254250899e-64	6	Ccl-21767
Ccl-8384	2.7842704327199e-68	0.617944643517008	0.589	0.135	5.39563767156789e-64	6	Ccl-8384
Ccl-518	1.10746760019932e-67	0.601361242436935	0.342	0.053	2.14616146242625e-63	6	Ccl-518
Ccl-18353	2.02460066115545e-66	0.574910933377775	0.426	0.079	3.92347362125315e-62	6	Ccl-18353
Ccl-3178	4.53895319094111e-64	0.565075667358211	0.406	0.076	8.79603738872478e-60	6	Ccl-3178
Ccl-5975	1.76106959562354e-62	0.687593954555147	0.446	0.093	3.41277676935886e-58	6	Ccl-5975
Ccl-12995	1.27149093314103e-61	0.614077382831661	0.376	0.069	2.46402227933401e-57	6	Ccl-12995
Ccl-5531	1.83727410497292e-61	0.543222384336139	0.49	0.105	3.56045348802702e-57	6	Ccl-5531
Ccl-16916	9.30160436960869e-61	0.545305056499004	0.431	0.086	1.80255791078647e-56	6	Ccl-16916
Ccl-9415	2.44665519901139e-60	0.551071603143598	0.45	0.096	4.74137311016417e-56	6	Ccl-9415
Ccl-1137	1.12386569201368e-59	0.531035499836851	0.366	0.067	2.17793932455332e-55	6	Ccl-1137
Ccl-17654	8.80716543602763e-59	0.857306516251708	0.752	0.275	1.70674058984779e-54	6	Ccl-17654
Ccl-1791	2.88483817134446e-58	0.612246733334753	0.391	0.078	5.59052789224843e-54	6	Ccl-1791
Ccl-8856	5.24326119358198e-58	0.831315066086131	0.772	0.261	1.01609158670425e-53	6	Ccl-8856
Ccl-4526	1.27740887139346e-57	0.718987709291244	0.465	0.107	2.47549065187338e-53	6	Ccl-4526
Ccl-15484	1.2986004290112e-56	0.502874700183924	0.371	0.071	2.5165577713808e-52	6	Ccl-15484
Ccl-16745	2.67544600770073e-56	0.67290436150183	0.545	0.145	5.18474681832324e-52	6	Ccl-16745
Ccl-1813	2.44310183957588e-55	0.938612625638886	0.703	0.251	4.73448705491411e-51	6	Ccl-1813
Ccl-12245	5.45046834351066e-54	0.667237412253881	0.426	0.099	1.05624626028893e-49	6	Ccl-12245
Ccl-4527	1.03744775994553e-53	0.594684909122964	0.475	0.115	2.01047001399844e-49	6	Ccl-4527
Ccl-18575	1.39337737074698e-53	0.615798777799349	0.49	0.122	2.70022600677058e-49	6	Ccl-18575
Ccl-6390	2.07711251930206e-53	0.786345084211026	0.678	0.233	4.02523635115547e-49	6	Ccl-6390
Ccl-16703	1.7669477105369e-52	0.520653677823269	0.465	0.113	3.42416796824946e-48	6	Ccl-16703
Ccl-2749	2.13321963122864e-52	0.635387889077073	0.55	0.151	4.13396632335799e-48	6	Ccl-2749
Ccl-9566	5.12096540717363e-50	0.594244554486453	0.505	0.135	9.92391886256178e-46	6	Ccl-9566
Ccl-1033	1.74316154895395e-49	0.527709556319235	0.396	0.089	3.37807276571786e-45	6	Ccl-1033
Ccl-7475	4.63675488887672e-49	0.633390526109706	0.564	0.169	8.98556729915419e-45	6	Ccl-7475
Ccl-17582	5.87292613408566e-49	0.910017545400442	0.936	0.553	1.13811435552446e-44	6	Ccl-17582
Ccl-13277	1.03288214643632e-47	0.92402250674723	0.995	0.782	2.00162231157894e-43	6	Ccl-13277
Ccl-931	1.45922416796255e-46	0.576095770539801	0.485	0.136	2.82783051509463e-42	6	Ccl-931
Ccl-18701	2.91132109402944e-46	0.532722093642923	0.485	0.133	5.64184914811965e-42	6	Ccl-18701
Ccl-2792	4.57216902680158e-44	0.579595452836593	0.465	0.131	8.86040635703879e-40	6	Ccl-2792
Ccl-10875	1.63300460563883e-43	0.609036007591334	0.569	0.182	3.1645996252675e-39	6	Ccl-10875
Ccl-5390	8.64502847274517e-43	0.712648464810573	0.619	0.226	1.67532006773329e-38	6	Ccl-5390
Ccl-20796	2.47336296284225e-41	0.831790686459703	0.757	0.374	4.79313008569201e-37	6	Ccl-20796
Ccl-10497	2.95637234529004e-41	0.692835155649436	0.688	0.285	5.72915396793757e-37	6	Ccl-10497
Ccl-6734	2.24611103981092e-39	0.54058656401769	0.455	0.133	4.35273858404957e-35	6	Ccl-6734
Ccl-1982	9.16957932574169e-39	0.716590803368843	0.688	0.293	1.77697277753548e-34	6	Ccl-1982
Ccl-15869	8.65047604984246e-37	0.698435722160525	0.921	0.495	1.67637575369897e-32	6	Ccl-15869
Ccl-18046	4.21577104328874e-36	0.552084761872977	0.515	0.177	8.16974270478925e-32	6	Ccl-18046
Ccl-2016	7.70178903516678e-36	0.625228453856308	0.589	0.226	1.49252969712497e-31	6	Ccl-2016
Ccl-3084	4.34023699440204e-35	0.648808404839395	0.619	0.264	8.41094527145172e-31	6	Ccl-3084
Ccl-10214	1.25716027294744e-34	0.654728874724931	0.693	0.305	2.43625089294484e-30	6	Ccl-10214
Ccl-12999	1.84966582841057e-34	0.574875921625122	0.54	0.198	3.58446740887685e-30	6	Ccl-12999
Ccl-14874	4.55963190251055e-34	0.561508543760214	0.748	0.374	8.8361106638752e-30	6	Ccl-14874
Ccl-3549	1.53682866344497e-33	0.512896761472876	0.455	0.148	2.97822026689001e-29	6	Ccl-3549
Ccl-18715	1.83309312879481e-32	0.526974064179706	0.495	0.179	3.55235117429147e-28	6	Ccl-18715
Ccl-1021	4.95455186639011e-32	0.525725067601395	0.411	0.133	9.6014260618774e-28	6	Ccl-1021
Ccl-5203	4.71698669943666e-31	0.674504019343459	0.762	0.418	9.14104852483831e-27	6	Ccl-5203
Ccl-11034	9.89156909107326e-31	0.538126280061786	0.446	0.151	1.91688717415909e-26	6	Ccl-11034
Ccl-4362	1.36957688349353e-28	0.515222186255334	0.653	0.294	2.65410304252212e-24	6	Ccl-4362
Ccl-6729	2.45404783965663e-28	0.574147452621722	0.609	0.276	4.75569930847059e-24	6	Ccl-6729
Ccl-4104	2.4943934517996e-28	0.668580533976805	0.649	0.329	4.83388507024244e-24	6	Ccl-4104
Ccl-4735	2.46164721914083e-27	0.500662787063859	0.505	0.203	4.77042614597301e-23	6	Ccl-4735
Ccl-2494	3.50612579028444e-26	0.502671930590028	0.51	0.207	6.79452116899222e-22	6	Ccl-2494
Ccl-3929	4.35351372653394e-26	0.517629008931218	0.629	0.297	8.43667425065013e-22	6	Ccl-3929
Ccl-11202	1.23224129606738e-25	0.627272641336991	0.663	0.331	2.38796040764898e-21	6	Ccl-11202
Ccl-10301	2.99232779852457e-23	0.569327524558958	0.55	0.265	5.79883204076077e-19	6	Ccl-10301
Ccl-7389	8.55556869911142e-23	0.523075866083591	0.822	0.56	1.6579836582008e-18	6	Ccl-7389
Ccl-780	2.93879659844923e-21	0.558062944513474	0.505	0.241	5.69509392813476e-17	6	Ccl-780
Ccl-3401	8.54812693043391e-21	0.500568408967428	0.629	0.341	1.65654151784879e-16	6	Ccl-3401
Ccl-7316	1.53983787859989e-20	0.632503967202225	0.535	0.271	2.98405182493873e-16	6	Ccl-7316
Ccl-21152	3.31763119379926e-20	0.53023934432518	0.683	0.383	6.42923749046359e-16	6	Ccl-21152
Ccl-10178	1.16378196316641e-17	0.549221225483571	0.718	0.474	2.25529306642019e-13	6	Ccl-10178
Ccl-3702	1.55669825217446e-16	0.533037096279122	0.708	0.452	3.01672554288889e-12	6	Ccl-3702
Ccl-19948	0	1.86110417445684	0.898	0.068	0	7	Ccl-19948
Ccl-9693	0	1.68074019832102	0.886	0.072	0	7	Ccl-9693
Ccl-14617	0	1.13319562339764	0.693	0.035	0	7	Ccl-14617
Ccl-2208	4.36926847605901e-305	1.4369049511216	0.795	0.057	8.46720537975475e-301	7	Ccl-2208
Ccl-14671	8.69785241455642e-296	1.13318484821164	0.711	0.045	1.68555681941689e-291	7	Ccl-14671
Ccl-6619	2.88883712687419e-290	0.891396319101181	0.554	0.026	5.59827746816949e-286	7	Ccl-6619
Ccl-11136	2.23192970872161e-286	1.47730628250764	0.861	0.073	4.3252565825316e-282	7	Ccl-11136
Ccl-9545	1.14684092773831e-285	0.904696500309946	0.584	0.03	2.22246303386407e-281	7	Ccl-9545
Ccl-12520	6.45844295253787e-280	1.42440194564557	0.783	0.062	1.25158165977231e-275	7	Ccl-12520
Ccl-6705	1.25244115566271e-274	2.03290168622042	0.898	0.092	2.42710571555876e-270	7	Ccl-6705
Ccl-14282	1.22179416252648e-272	0.846430740958299	0.572	0.03	2.36771490756006e-268	7	Ccl-14282
Ccl-14736	7.68014122102848e-270	1.28045539246264	0.753	0.057	1.48833456722311e-265	7	Ccl-14736
Ccl-11010	2.98013511589428e-268	1.21221592267035	0.711	0.052	5.77520384109153e-264	7	Ccl-11010
Ccl-784	1.64285921425793e-267	1.23650488936867	0.741	0.056	3.18369687131044e-263	7	Ccl-784
Ccl-16916	3.19737234355752e-267	1.39000798114851	0.855	0.079	6.19618786458013e-263	7	Ccl-16916
Ccl-18349	3.48009745874533e-261	1.30972285811908	0.801	0.069	6.74408086530257e-257	7	Ccl-18349
Ccl-22284	3.74474038530415e-249	0.757059666476126	0.524	0.027	7.25693239268091e-245	7	Ccl-22284
Ccl-6533	1.40506386873092e-246	0.673960900201504	0.488	0.023	2.72287327121365e-242	7	Ccl-6533
Ccl-11511	3.93246187444898e-245	0.961691532788929	0.687	0.051	7.62071786649468e-241	7	Ccl-11511
Ccl-3647	4.35659172621465e-244	1.27017395047605	0.759	0.067	8.44263910623137e-240	7	Ccl-3647
Ccl-13664	2.42621876357736e-237	0.68137597335085	0.488	0.025	4.70176934193657e-233	7	Ccl-13664
Ccl-10079	4.89409640030098e-237	2.2714034914476	0.976	0.137	9.48426941414327e-233	7	Ccl-10079
Ccl-1726	1.29703423102985e-234	0.680384832666446	0.488	0.025	2.51352263631274e-230	7	Ccl-1726
Ccl-11706	3.51242149272005e-232	1.11623240186413	0.723	0.062	6.80672161074218e-228	7	Ccl-11706
Ccl-13262	3.99784676153879e-230	1.99836913681423	0.976	0.138	7.74742723918603e-226	7	Ccl-13262
Ccl-6754	6.16958080229633e-228	1.38903399174642	0.849	0.094	1.195603063677e-223	7	Ccl-6754
Ccl-782	2.72504023794873e-226	0.979125168472655	0.675	0.055	5.28085547712083e-222	7	Ccl-782
Ccl-2155	4.67058099291083e-224	1.4293520962138	0.753	0.074	9.0511189061619e-220	7	Ccl-2155
Ccl-7572	4.67023327401817e-222	1.35321812045938	0.813	0.086	9.05044506171982e-218	7	Ccl-7572
Ccl-18201	4.11130193465446e-214	1.0089231869766	0.681	0.059	7.96729201916688e-210	7	Ccl-18201
Ccl-4219	2.53838103103348e-205	1.15431691225597	0.735	0.075	4.91912860003979e-201	7	Ccl-4219
Ccl-4659	7.72618990211019e-203	1.91864972486034	0.892	0.125	1.49725834112993e-198	7	Ccl-4659
Ccl-8153	3.35322991270888e-201	3.06363658957365	1	0.191	6.49822424783853e-197	7	Ccl-8153
Ccl-2258	8.51215018797799e-197	1.57539711779574	0.849	0.113	1.64956958492825e-192	7	Ccl-2258
Ccl-4364	1.93038131947066e-195	1.0824788268101	0.693	0.068	3.74088595900219e-191	7	Ccl-4364
Ccl-22171	1.46315916613429e-194	2.01823213381856	0.982	0.164	2.83545614805164e-190	7	Ccl-22171
Ccl-6379	3.14209905929651e-194	1.36366057935416	0.777	0.091	6.0890737670107e-190	7	Ccl-6379
Ccl-10383	8.30206861406754e-193	1.74893083108125	0.88	0.132	1.60885787672015e-188	7	Ccl-10383
Ccl-16027	1.08160979088405e-192	1.46022285477503	0.898	0.128	2.0960516137542e-188	7	Ccl-16027
Ccl-15325	2.74173773243025e-191	0.908814717322804	0.62	0.054	5.31321355167659e-187	7	Ccl-15325
Ccl-4569	1.08879946182368e-190	0.673674991670495	0.47	0.03	2.10998447706812e-186	7	Ccl-4569
Ccl-22899	1.04974385716074e-189	1.11661478545483	0.729	0.079	2.0342986207918e-185	7	Ccl-22899
Ccl-4671	1.89823606858516e-189	1.30319973729203	0.88	0.119	3.67859167731119e-185	7	Ccl-4671
Ccl-8384	9.42754840895914e-189	1.42399847341978	0.916	0.13	1.82696460617219e-184	7	Ccl-8384
Ccl-3643	2.05301066356654e-188	0.888850230243972	0.572	0.047	3.9785293649256e-184	7	Ccl-3643
Ccl-6408	2.18389506955508e-188	1.5755846552437	0.892	0.124	4.23217025529079e-184	7	Ccl-6408
Ccl-20970	2.3790754948708e-188	1.72954791780998	0.91	0.138	4.61041040151012e-184	7	Ccl-20970
Ccl-3665	5.80434013348436e-187	1.32667866597917	0.807	0.1	1.12482307446793e-182	7	Ccl-3665
Ccl-5532	3.26693508772433e-186	0.855032961721107	0.645	0.06	6.33099350650099e-182	7	Ccl-5532
Ccl-644	9.16564468276839e-185	0.729547043118289	0.524	0.039	1.77621028307369e-180	7	Ccl-644
Ccl-6148	1.0600345158487e-182	1.33705745946725	0.819	0.102	2.05424088826319e-178	7	Ccl-6148
Ccl-242	5.47454869681001e-182	0.620240606588205	0.506	0.036	1.06091279195481e-177	7	Ccl-242
Ccl-11877	4.02661074138049e-180	0.956012358985325	0.681	0.07	7.80316895572124e-176	7	Ccl-11877
Ccl-6890	2.48786400826885e-178	0.851072970650429	0.536	0.043	4.82123166162421e-174	7	Ccl-6890
Ccl-14493	1.8898634046823e-176	0.982135801954378	0.699	0.076	3.66236629193384e-172	7	Ccl-14493
Ccl-10982	2.62849858499599e-176	1.73838642622769	0.922	0.161	5.09376740786373e-172	7	Ccl-10982
Ccl-4217	5.07307620658423e-175	0.84907976555612	0.53	0.043	9.83111438073958e-171	7	Ccl-4217
Ccl-2712	9.06250809102367e-175	0.632389904021688	0.452	0.03	1.75622344295948e-170	7	Ccl-2712
Ccl-9174	9.48653148500088e-174	0.503997219357482	0.373	0.02	1.83839493647832e-169	7	Ccl-9174
Ccl-1950	1.25650716883407e-173	0.914937899232016	0.596	0.056	2.43498524248355e-169	7	Ccl-1950
Ccl-2608	6.21754398859446e-173	0.944055194724377	0.627	0.063	1.20489784954972e-168	7	Ccl-2608
Ccl-1781	4.20657313488595e-172	1.03494958340878	0.699	0.079	8.15191807809548e-168	7	Ccl-1781
Ccl-7208	4.88375327558226e-172	0.665595525494427	0.434	0.028	9.46422547275086e-168	7	Ccl-7208
Ccl-3915	3.31799942831413e-171	0.987204952593131	0.681	0.075	6.42995109212995e-167	7	Ccl-3915
Ccl-2262	2.52159313375562e-169	0.988302361678362	0.735	0.09	4.88659533390501e-165	7	Ccl-2262
Ccl-3769	3.24383525772106e-168	0.937073230814946	0.596	0.058	6.28622834593763e-164	7	Ccl-3769
Ccl-12238	5.59555171181167e-168	1.11448366111847	0.771	0.102	1.08436196623198e-163	7	Ccl-12238
Ccl-7312	1.53258482021266e-167	0.902427011695477	0.62	0.063	2.96999612309011e-163	7	Ccl-7312
Ccl-5531	3.9627711437886e-167	1.09795359539223	0.783	0.101	7.67945419954793e-163	7	Ccl-5531
Ccl-18857	2.70387469260962e-166	0.962342227763603	0.639	0.068	5.23983876680818e-162	7	Ccl-18857
Ccl-13893	3.07777663179764e-166	0.680373073874191	0.482	0.037	5.96442333476065e-162	7	Ccl-13893
Ccl-18353	9.43078159451387e-165	1.05421565032023	0.669	0.075	1.82759116520084e-160	7	Ccl-18353
Ccl-8301	1.21289388898719e-164	1.05405593957426	0.717	0.085	2.35046706746828e-160	7	Ccl-8301
Ccl-4064	4.66132851710538e-164	1.46145785431932	0.886	0.147	9.03318853329852e-160	7	Ccl-4064
Ccl-7378	4.32192660222072e-163	1.75417120802669	0.97	0.171	8.37546156244354e-159	7	Ccl-7378
Ccl-10325	2.1685189438124e-162	2.09886861386362	0.898	0.168	4.20237286121405e-158	7	Ccl-10325
Ccl-152	1.35190923882346e-159	1.343254496905	0.837	0.13	2.61986491391599e-155	7	Ccl-152
Ccl-16745	1.93616309819246e-158	1.46271997667923	0.843	0.141	3.75209046798718e-154	7	Ccl-16745
Ccl-496	1.61770021030331e-157	0.952769691479632	0.681	0.08	3.13494123754678e-153	7	Ccl-496
Ccl-8208	2.53695383218248e-157	0.832350904613145	0.614	0.066	4.91636283138643e-153	7	Ccl-8208
Ccl-6599	4.71213775815268e-157	1.52086075112187	0.867	0.16	9.13165176152407e-153	7	Ccl-6599
Ccl-8690	2.0800604147845e-156	1.20774723223346	0.843	0.127	4.03094907781087e-152	7	Ccl-8690
Ccl-2749	3.9340377176971e-155	1.69319422704297	0.837	0.147	7.62377169312521e-151	7	Ccl-2749
Ccl-21302	6.84083719354353e-155	0.78794104765854	0.524	0.048	1.3256858397368e-150	7	Ccl-21302
Ccl-3178	7.58412259735783e-155	0.894573027885292	0.639	0.073	1.46972711814197e-150	7	Ccl-3178
Ccl-11761	9.7340899422999e-155	0.823450652636288	0.633	0.071	1.8863692899183e-150	7	Ccl-11761
Ccl-3408	1.26573811639827e-154	0.95676213789305	0.663	0.079	2.4528738957682e-150	7	Ccl-3408
Ccl-2346	6.17929299677255e-154	0.779069295441002	0.554	0.053	1.19748518984455e-149	7	Ccl-2346
Ccl-18229	7.3419473854178e-154	0.528826905091483	0.373	0.023	1.42279598382012e-149	7	Ccl-18229
Ccl-9258	4.54806753103034e-153	1.28550191608316	0.765	0.115	8.81370006838369e-149	7	Ccl-9258
Ccl-17406	9.35505573520011e-153	0.603646919357975	0.422	0.03	1.81291625092443e-148	7	Ccl-17406
Ccl-13493	1.02805905927335e-152	0.69483334404594	0.47	0.038	1.99227565096583e-148	7	Ccl-13493
Ccl-6680	6.42986086738712e-152	1.01307250039599	0.699	0.089	1.24604273749095e-147	7	Ccl-6680
Ccl-11851	1.36389753569696e-148	0.888246927919289	0.596	0.065	2.64309703442713e-144	7	Ccl-11851
Ccl-7836	1.29442867430889e-147	0.958147277998422	0.669	0.082	2.50847332794319e-143	7	Ccl-7836
Ccl-2277	1.65221203936949e-147	0.710997394450404	0.506	0.046	3.20182171109414e-143	7	Ccl-2277
Ccl-13338	5.96644022203698e-147	0.732533899364992	0.524	0.05	1.15623645062855e-142	7	Ccl-13338
Ccl-482	7.68977184054506e-147	1.01408091718965	0.699	0.093	1.49020088497923e-142	7	Ccl-482
Ccl-13008	8.15477330616637e-147	0.58949319286065	0.44	0.034	1.58031351900198e-142	7	Ccl-13008
Ccl-4764	2.81638020557551e-146	0.754259359566486	0.56	0.058	5.45786320038477e-142	7	Ccl-4764
Ccl-14990	2.3679447574954e-145	1.01803793255218	0.669	0.086	4.58884014555033e-141	7	Ccl-14990
Ccl-10328	3.38103544263291e-144	1.4423806948363	0.898	0.174	6.55210858427831e-140	7	Ccl-10328
Ccl-16079	2.56348867960292e-142	0.674759636115321	0.488	0.044	4.96778471220251e-138	7	Ccl-16079
Ccl-6734	5.30144922871241e-142	1.2257251162208	0.789	0.128	1.02736784603218e-137	7	Ccl-6734
Ccl-8618	9.31892365550108e-141	0.56185021308077	0.392	0.028	1.80591421519955e-136	7	Ccl-8618
Ccl-18760	1.94991508848992e-140	0.885300159024545	0.651	0.083	3.77874044998462e-136	7	Ccl-18760
Ccl-3131	1.11765883001344e-138	0.779425773834311	0.554	0.06	2.16591104668304e-134	7	Ccl-3131
Ccl-14055	7.43913384731864e-137	0.640071713973523	0.506	0.049	1.44162974827188e-132	7	Ccl-14055
Ccl-11965	1.1055695571582e-136	0.738953673161228	0.518	0.053	2.14248324481688e-132	7	Ccl-11965
Ccl-19032	5.80698453849387e-135	0.51554048661112	0.38	0.028	1.12533553371473e-130	7	Ccl-19032
Ccl-3664	1.23101240087585e-134	0.855389800050411	0.627	0.079	2.38557893165731e-130	7	Ccl-3664
Ccl-10875	5.76195483071888e-134	1.44805322987697	0.886	0.177	1.11660922664501e-129	7	Ccl-10875
Ccl-12174	7.15585868567427e-134	0.695042223232693	0.512	0.052	1.38673385469682e-129	7	Ccl-12174
Ccl-9263	2.12901922188428e-130	0.775199244685642	0.524	0.057	4.12582635008954e-126	7	Ccl-9263
Ccl-9415	3.94683143921643e-127	0.90987728459245	0.657	0.094	7.64856464605751e-123	7	Ccl-9415
Ccl-3188	7.38797900874997e-127	0.674317271420582	0.476	0.047	1.43171645210566e-122	7	Ccl-3188
Ccl-11437	1.45588573044451e-126	1.43667016839523	0.873	0.174	2.82136095702842e-122	7	Ccl-11437
Ccl-483	3.97933758925197e-126	0.931353449306101	0.627	0.084	7.71155831421139e-122	7	Ccl-483
Ccl-10094	4.7843539493774e-126	0.568103146756025	0.392	0.032	9.27159951849847e-122	7	Ccl-10094
Ccl-21744	4.07980379404306e-124	1.03628733719207	0.723	0.119	7.90625177247604e-120	7	Ccl-21744
Ccl-20653	3.14519363390502e-123	0.583543865119251	0.428	0.039	6.09507074314454e-119	7	Ccl-20653
Ccl-1040	1.5021565017344e-122	0.807310189763048	0.614	0.083	2.91102908471109e-118	7	Ccl-1040
Ccl-12749	3.60263812844544e-121	0.746441338221814	0.596	0.079	6.98155242911442e-117	7	Ccl-12749
Ccl-17522	1.70710773957585e-119	0.657040777063729	0.524	0.061	3.30820408852404e-115	7	Ccl-17522
Ccl-5368	5.53939493788715e-119	0.789208330418212	0.56	0.072	1.07347934501315e-114	7	Ccl-5368
Ccl-4617	4.24034559439642e-118	0.99961569426044	0.675	0.106	8.21736572738083e-114	7	Ccl-4617
Ccl-8856	5.55665921361224e-118	1.96521237374117	0.976	0.259	1.07682498900592e-113	7	Ccl-8856
Ccl-8499	2.28888797751827e-116	0.611709163353328	0.452	0.047	4.43563601163265e-112	7	Ccl-8499
Ccl-14059	5.01706670725011e-116	0.596770704928996	0.422	0.04	9.72257357197998e-112	7	Ccl-14059
Ccl-5635	6.90418696353483e-116	0.687309858049617	0.482	0.054	1.33796239166341e-111	7	Ccl-5635
Ccl-5911	2.17618812218478e-115	0.58972906104494	0.488	0.054	4.21723496198189e-111	7	Ccl-5911
Ccl-5975	4.34201024510901e-115	0.824259403352928	0.627	0.091	8.41438165399675e-111	7	Ccl-5975
Ccl-5390	5.19395784220682e-115	1.25907924668838	0.904	0.222	1.00653709024126e-110	7	Ccl-5390
Ccl-2137	3.16662845392421e-114	1.13629348708541	0.753	0.14	6.13660928085972e-110	7	Ccl-2137
Ccl-10218	4.57547622628046e-113	0.682810893860718	0.542	0.069	8.8668153789089e-109	7	Ccl-10218
Ccl-2370	8.43827319760206e-113	0.715219156408042	0.536	0.068	1.6352529629633e-108	7	Ccl-2370
Ccl-12999	1.33024514276825e-112	1.29064727244753	0.831	0.194	2.5778820621706e-108	7	Ccl-12999
Ccl-5853	1.96783192084698e-112	0.544474300440659	0.446	0.047	3.81346147940937e-108	7	Ccl-5853
Ccl-7584	1.22262522793759e-111	1.15695777059407	0.765	0.152	2.36932542922025e-107	7	Ccl-7584
Ccl-16018	3.03136383392974e-111	1.04066357878179	0.777	0.15	5.87447997377245e-107	7	Ccl-16018
Ccl-10497	6.06671993817739e-110	1.52224975510009	0.928	0.282	1.1756696568194e-105	7	Ccl-10497
Ccl-13302	1.1383157916253e-109	0.683377709386131	0.542	0.07	2.20594217259066e-105	7	Ccl-13302
Ccl-5708	1.91189849154565e-109	0.556575163759177	0.392	0.037	3.70506808676631e-105	7	Ccl-5708
Ccl-2016	3.96565167737618e-109	1.31304221560354	0.873	0.222	7.68503638558731e-105	7	Ccl-2016
Ccl-19069	5.88348824988864e-107	0.822496989643801	0.584	0.088	1.14016118794592e-102	7	Ccl-19069
Ccl-12361	9.03885729740613e-107	0.694252908407738	0.494	0.061	1.75164015566433e-102	7	Ccl-12361
Ccl-361	1.20737815277184e-106	0.567155688233177	0.398	0.039	2.33977812225656e-102	7	Ccl-361
Ccl-18016	5.70136763308457e-106	0.60553127681542	0.506	0.064	1.10486803361546e-101	7	Ccl-18016
Ccl-12941	5.85824882196303e-106	1.40224897794764	0.922	0.242	1.13527003920821e-101	7	Ccl-12941
Ccl-11199	6.4466803885983e-106	0.567280179991796	0.422	0.044	1.24930219250646e-101	7	Ccl-11199
Ccl-6505	1.9413911945525e-104	0.61049483699065	0.41	0.042	3.76222199592329e-100	7	Ccl-6505
Ccl-1180	3.83656485433359e-104	1.95807019905797	0.994	0.33	7.43487903121306e-100	7	Ccl-1180
Ccl-3833	5.74423677833444e-104	0.669879669202179	0.446	0.051	1.11317564527343e-99	7	Ccl-3833
Ccl-17337	6.02246528467032e-104	1.25240400824947	0.831	0.2	1.16709354751626e-99	7	Ccl-17337
Ccl-2990	3.16903550771437e-102	1.54725759450962	0.934	0.272	6.14127391039969e-98	7	Ccl-2990
Ccl-15655	9.10017996994301e-102	0.569213076784572	0.428	0.047	1.76352387637526e-97	7	Ccl-15655
Ccl-8400	3.92071732846598e-100	0.609334594718861	0.452	0.054	7.59795811083422e-96	7	Ccl-8400
Ccl-194	1.27765584931308e-99	0.508838610482196	0.404	0.043	2.47596927038382e-95	7	Ccl-194
Ccl-7692	5.00080427752566e-98	0.720103825145485	0.536	0.078	9.69105860941698e-94	7	Ccl-7692
Ccl-8689	1.04819095982666e-96	0.809881165410176	0.53	0.077	2.03128926104809e-92	7	Ccl-8689
Ccl-2499	2.55542762133123e-96	0.723366650780858	0.524	0.076	4.9521631873778e-92	7	Ccl-2499
Ccl-5656	9.54953198266896e-96	0.572797184959362	0.416	0.048	1.85060380292142e-91	7	Ccl-5656
Ccl-1304	3.41319232263384e-95	0.904053897166262	0.705	0.144	6.61442540203212e-91	7	Ccl-1304
Ccl-11922	8.97907037330454e-95	0.737467987041664	0.566	0.09	1.74005404764269e-90	7	Ccl-11922
Ccl-232	1.3433382614787e-94	0.958483365759592	0.639	0.116	2.60325521691958e-90	7	Ccl-232
Ccl-6116	5.90587007384852e-94	0.781856499864407	0.59	0.096	1.1444985616111e-89	7	Ccl-6116
Ccl-11041	1.1813935628481e-92	0.657583803259473	0.53	0.08	2.28942258544334e-88	7	Ccl-11041
Ccl-1947	3.32105983412085e-92	0.581885172282407	0.458	0.059	6.4358818525428e-88	7	Ccl-1947
Ccl-3501	2.48912737535815e-91	0.602074084361249	0.398	0.045	4.82367994070657e-87	7	Ccl-3501
Ccl-17654	2.85776932298634e-91	1.34851856398724	0.88	0.274	5.53807117101522e-87	7	Ccl-17654
Ccl-7592	2.16640266225759e-90	0.528058870194077	0.41	0.049	4.19827171918898e-86	7	Ccl-7592
Ccl-11221	4.6568598612188e-90	0.729704252039671	0.512	0.077	9.0245287250559e-86	7	Ccl-11221
Ccl-17258	7.71073203949665e-90	0.739323545481746	0.542	0.085	1.49426276193406e-85	7	Ccl-17258
Ccl-10214	1.54731127967427e-87	1.30759610922679	0.916	0.303	2.99853452888077e-83	7	Ccl-10214
Ccl-4199	7.74376549125284e-87	0.759020687072419	0.572	0.101	1.50066431454989e-82	7	Ccl-4199
Ccl-11045	1.25609730666089e-84	0.949261086122462	0.699	0.16	2.43419097057813e-80	7	Ccl-11045
Ccl-1807	4.71126497621582e-84	0.590806986891446	0.337	0.036	9.12996039740864e-80	7	Ccl-1807
Ccl-6970	1.81831300651885e-82	0.670104557364681	0.428	0.059	3.52370877533289e-78	7	Ccl-6970
Ccl-3726	2.31847463041157e-82	0.58917334028404	0.5	0.078	4.49297198627458e-78	7	Ccl-3726
Ccl-9566	1.26284824779691e-81	0.879489248592903	0.645	0.134	2.44727361940564e-77	7	Ccl-9566
Ccl-21767	3.19122868535689e-80	0.754441864788468	0.602	0.117	6.18428206935311e-76	7	Ccl-21767
Ccl-2367	5.17603186561392e-80	0.754626832228251	0.62	0.123	1.00306321523732e-75	7	Ccl-2367
Ccl-4526	1.67398335460626e-79	0.696412431604949	0.584	0.106	3.24401234289147e-75	7	Ccl-4526
Ccl-6620	8.97046486796487e-79	0.618091839908797	0.524	0.09	1.73838638676291e-74	7	Ccl-6620
Ccl-1778	2.4468097932574e-78	1.3617778423667	0.898	0.327	4.74167269835353e-74	7	Ccl-1778
Ccl-10708	5.25179827191099e-78	0.751442087836766	0.633	0.128	1.01774598711363e-73	7	Ccl-10708
Ccl-11043	6.71643348826178e-78	0.510120863685938	0.355	0.042	1.30157764569025e-73	7	Ccl-11043
Ccl-13384	1.50131833947847e-77	0.582426823321615	0.47	0.074	2.90940481007533e-73	7	Ccl-13384
Ccl-584	5.12323792528947e-77	0.747893323941303	0.627	0.131	9.92832277541846e-73	7	Ccl-584
Ccl-14874	5.75330231869817e-76	1.16155723132231	0.958	0.372	1.11493245634052e-71	7	Ccl-14874
Ccl-11055	7.90688191345588e-76	0.700895541318176	0.578	0.113	1.53227464600861e-71	7	Ccl-11055
Ccl-7475	1.48759706972104e-75	0.970439440606433	0.693	0.168	2.8828143614124e-71	7	Ccl-7475
Ccl-3256	2.04617578955351e-75	0.753451461574326	0.633	0.135	3.96528406257574e-71	7	Ccl-3256
Ccl-8831	2.5882244155563e-75	0.599753994143519	0.494	0.083	5.01572009490656e-71	7	Ccl-8831
Ccl-16301	1.05714729669252e-74	1.70538453140557	0.988	0.436	2.04864574626044e-70	7	Ccl-16301
Ccl-3549	1.53258986115836e-74	0.81495663388383	0.645	0.145	2.97000589193879e-70	7	Ccl-3549
Ccl-3277	1.12183695505677e-73	1.25943306849615	0.928	0.372	2.17400783520452e-69	7	Ccl-3277
Ccl-12849	1.31353132214015e-73	0.658226362248045	0.548	0.102	2.5454923491754e-69	7	Ccl-12849
Ccl-12700	3.007912551039e-72	0.650584485474156	0.47	0.079	5.82903373265848e-68	7	Ccl-12700
Ccl-1813	4.00046977643741e-72	1.1127159770596	0.813	0.25	7.75251037975806e-68	7	Ccl-1813
Ccl-20377	4.69652852913444e-71	0.802768915767656	0.62	0.139	9.10140263660963e-67	7	Ccl-20377
Ccl-7798	2.09199964119893e-70	0.924938057509239	0.723	0.2	4.05408610467941e-66	7	Ccl-7798
Ccl-12234	1.93326491836065e-68	0.684265847213451	0.602	0.13	3.7464740852911e-64	7	Ccl-12234
Ccl-3964	3.32140220724507e-66	0.714952990465625	0.578	0.125	6.43654533742023e-62	7	Ccl-3964
Ccl-7447	4.76146062032869e-66	0.5869819737046	0.44	0.075	9.22723453613497e-62	7	Ccl-7447
Ccl-516	1.16860561028224e-65	0.677490132216885	0.512	0.101	2.26464081216596e-61	7	Ccl-516
Ccl-20796	1.71865833952312e-65	1.08289563544007	0.886	0.373	3.33058799616186e-61	7	Ccl-20796
Ccl-5805	8.31680900084797e-64	0.950065525841555	0.765	0.248	1.61171441627433e-59	7	Ccl-5805
Ccl-713	1.65344489438478e-63	0.552992288035775	0.5	0.097	3.20421086082826e-59	7	Ccl-713
Ccl-6016	3.45355079639854e-63	0.73736933813661	0.627	0.155	6.69263608834074e-59	7	Ccl-6016
Ccl-11034	6.62374499976864e-63	0.719805835419898	0.614	0.149	1.28361554350517e-58	7	Ccl-11034
Ccl-5354	3.12689458760903e-62	0.515332211032675	0.452	0.081	6.05960902132755e-58	7	Ccl-5354
Ccl-3296	4.05441652328301e-61	0.807066256949883	0.633	0.167	7.85705378047014e-57	7	Ccl-3296
Ccl-1773	6.12862638841411e-61	0.950623463532363	0.88	0.297	1.18766650781077e-56	7	Ccl-1773
Ccl-5203	2.08036360917031e-59	1.11969647319643	0.916	0.417	4.03153663821115e-55	7	Ccl-5203
Ccl-17582	2.17045852025285e-59	1.2021325253444	0.97	0.554	4.20613156639799e-55	7	Ccl-17582
Ccl-22420	1.32818952827906e-58	0.930441724046747	0.886	0.365	2.57389848685198e-54	7	Ccl-22420
Ccl-4527	6.87412254025406e-58	0.586860769382854	0.53	0.116	1.33213620707583e-53	7	Ccl-4527
Ccl-2788	5.97522068449776e-57	0.746305238237966	0.657	0.18	1.15793801644882e-52	7	Ccl-2788
Ccl-6390	6.8106931538454e-57	0.785531442636425	0.747	0.233	1.3198442262837e-52	7	Ccl-6390
Ccl-3929	1.51205543634071e-54	0.824090549114056	0.819	0.295	2.93021223008467e-50	7	Ccl-3929
Ccl-7794	4.09030741984121e-54	0.969891142505607	0.886	0.392	7.92660674891028e-50	7	Ccl-7794
Ccl-16494	1.22414863399338e-53	0.85270845715768	0.771	0.271	2.37227763781577e-49	7	Ccl-16494
Ccl-1539	2.72801700432998e-52	0.57847395329329	0.47	0.103	5.28662415269107e-48	7	Ccl-1539
Ccl-8758	1.63339898637723e-51	0.590382845508456	0.542	0.135	3.16536389570044e-47	7	Ccl-8758
Ccl-21154	2.05491860004905e-51	0.723693645426412	0.681	0.209	3.98222675503505e-47	7	Ccl-21154
Ccl-12991	1.65277625053131e-50	0.933939384822301	0.904	0.412	3.20291509590462e-46	7	Ccl-12991
Ccl-10300	3.42653170827321e-50	0.620006951467857	0.542	0.134	6.64027579746265e-46	7	Ccl-10300
Ccl-18715	4.29297585648477e-50	0.718968389514189	0.614	0.178	8.31935791228184e-46	7	Ccl-18715
Ccl-19684	5.19094646273309e-49	0.796492910523345	0.831	0.302	1.00595351501305e-44	7	Ccl-19684
Ccl-10865	5.44125834705111e-49	0.502928667355953	0.506	0.117	1.05446145507503e-44	7	Ccl-10865
Ccl-16448	5.54502345833334e-49	0.613622184965655	0.488	0.117	1.07457009599042e-44	7	Ccl-16448
Ccl-21153	5.55625066114826e-49	0.578123461647646	0.53	0.133	1.07674581562392e-44	7	Ccl-21153
Ccl-4803	1.05835633022258e-48	0.554034004529889	0.452	0.101	2.05098873233833e-44	7	Ccl-4803
Ccl-7989	1.67923807121812e-48	0.552962906031518	0.476	0.11	3.25419545821359e-44	7	Ccl-7989
Ccl-780	4.63136249216808e-48	0.788096476988672	0.693	0.238	8.97511737357253e-44	7	Ccl-780
Ccl-6336	3.83052299411692e-47	0.605017933248694	0.512	0.131	7.42317051029919e-43	7	Ccl-6336
Ccl-18701	5.30882551843301e-47	0.541324093137228	0.53	0.133	1.02879729721713e-42	7	Ccl-18701
Ccl-13185	8.70041574380383e-47	0.717484977151039	0.681	0.233	1.68605356699174e-42	7	Ccl-13185
Ccl-8962	2.11239542784398e-46	0.735074898231501	0.651	0.21	4.09361109961886e-42	7	Ccl-8962
Ccl-4486	3.50167326519628e-46	0.518539944494668	0.464	0.11	6.78589262062388e-42	7	Ccl-4486
Ccl-9652	3.59106015866519e-46	0.537046042512087	0.488	0.121	6.95911548147727e-42	7	Ccl-9652
Ccl-3680	3.78384647973309e-46	0.519952259607573	0.482	0.117	7.33271609307475e-42	7	Ccl-3680
Ccl-6552	2.50975153254206e-45	0.536656606366176	0.428	0.095	4.86364749491325e-41	7	Ccl-6552
Ccl-79	2.57255859872355e-45	0.542754244510472	0.512	0.131	4.98536130846637e-41	7	Ccl-79
Ccl-10711	2.70421131994949e-45	0.581028229563805	0.53	0.139	5.24049111693012e-41	7	Ccl-10711
Ccl-6828	2.40772730277168e-44	0.803344773201133	0.681	0.249	4.66593474004123e-40	7	Ccl-6828
Ccl-2316	1.10595484215553e-43	0.63382207589701	0.596	0.179	2.1432298886132e-39	7	Ccl-2316
Ccl-330	2.84780569430904e-43	0.666891056578637	0.614	0.199	5.51876265500148e-39	7	Ccl-330
Ccl-3627	7.37759807269187e-43	0.548611761389403	0.56	0.161	1.42970473050696e-38	7	Ccl-3627
Ccl-12636	1.20107712398507e-42	0.590531337488182	0.759	0.259	2.32756735857066e-38	7	Ccl-12636
Ccl-13874	1.71942913490377e-42	0.847361958188425	0.807	0.366	3.33208172053001e-38	7	Ccl-13874
Ccl-5774	2.59446172558107e-42	0.620900944362303	0.566	0.173	5.02780737800356e-38	7	Ccl-5774
Ccl-6786	3.13272853717813e-42	0.590201164783177	0.476	0.126	6.0709146321975e-38	7	Ccl-6786
Ccl-7599	7.01724053630926e-42	0.591697985693805	0.572	0.168	1.35987104353137e-37	7	Ccl-7599
Ccl-3591	1.21066398677488e-41	0.891179790786654	0.801	0.383	2.34614573997105e-37	7	Ccl-3591
Ccl-1305	3.92114935439909e-41	0.742704755243436	0.783	0.35	7.59879533388999e-37	7	Ccl-1305
Ccl-21080	6.24458675137557e-41	0.645294984529001	0.584	0.187	1.21013846654907e-36	7	Ccl-21080
Ccl-11153	1.68113909917528e-40	1.02844213196457	0.94	0.534	3.25787946029177e-36	7	Ccl-11153
Ccl-10517	2.73681951513804e-40	0.663852021324058	0.663	0.241	5.30368253838601e-36	7	Ccl-10517
Ccl-21702	2.16648171988342e-39	0.752067601467646	0.831	0.399	4.19842492496208e-35	7	Ccl-21702
Ccl-21152	4.91829696157428e-39	0.842853940087903	0.825	0.382	9.53116768183481e-35	7	Ccl-21152
Ccl-2550	1.10022794953268e-38	0.570012503150917	0.554	0.173	2.13213174339938e-34	7	Ccl-2550
Ccl-18046	2.36955836261385e-38	0.570767140378256	0.566	0.177	4.59196715090938e-34	7	Ccl-18046
Ccl-11366	3.32594832469461e-38	0.58641522901595	0.645	0.214	6.44535525842568e-34	7	Ccl-11366
Ccl-10118	5.54741655471307e-38	0.531370798080565	0.512	0.151	1.07503385413785e-33	7	Ccl-10118
Ccl-11332	6.59419185640852e-38	0.63195978208627	0.584	0.191	1.27788843985341e-33	7	Ccl-11332
Ccl-5341	8.9470170685928e-38	0.541371801458272	0.59	0.194	1.7338424377226e-33	7	Ccl-5341
Ccl-6771	9.41214310541785e-38	0.635170767255294	0.56	0.181	1.82397921239893e-33	7	Ccl-6771
Ccl-3702	1.59407835515727e-37	0.841695965432662	0.843	0.451	3.08916444445928e-33	7	Ccl-3702
Ccl-6615	1.60721788218925e-37	0.578628502368633	0.608	0.201	3.11462753389454e-33	7	Ccl-6615
Ccl-16070	1.6368221046279e-37	0.680312332468074	0.651	0.239	3.17199755655841e-33	7	Ccl-16070
Ccl-2186	2.04418540932579e-37	0.713274248220523	0.747	0.306	3.96142690473245e-33	7	Ccl-2186
Ccl-15750	3.98550287219137e-37	0.637473553124715	0.669	0.248	7.72350601601966e-33	7	Ccl-15750
Ccl-15636	4.86335178537245e-37	0.569412105688804	0.572	0.191	9.42468942487326e-33	7	Ccl-15636
Ccl-7101	1.4826823081077e-36	0.525535207333095	0.47	0.131	2.87329004488191e-32	7	Ccl-7101
Ccl-3270	2.96460164250148e-35	0.71560410551133	0.711	0.292	5.74510152300362e-31	7	Ccl-3270
Ccl-867	9.1102738152443e-35	0.531717392659863	0.488	0.146	1.76547996265619e-30	7	Ccl-867
Ccl-2736	3.94420703182533e-34	0.656118212613246	0.819	0.373	7.64347880697431e-30	7	Ccl-2736
Ccl-15634	6.02405159454254e-34	0.519187512682224	0.554	0.183	1.1674009585064e-29	7	Ccl-15634
Ccl-11892	7.71359795065828e-34	0.566502222127111	0.512	0.166	1.49481814685807e-29	7	Ccl-11892
Ccl-3401	1.49098226949148e-33	0.717321431161724	0.723	0.341	2.88937454004755e-29	7	Ccl-3401
Ccl-10292	2.26650944633807e-33	0.518681536292033	0.512	0.162	4.39226865605854e-29	7	Ccl-10292
Ccl-4071	4.79438880833258e-33	0.641710647179963	0.717	0.306	9.2910460716677e-29	7	Ccl-4071
Ccl-1395	4.93736e-33	0.6288468	0.596	0.223	9.56811e-29	7	Ccl-1395
Ccl-9294	9.480072e-33	0.5658405	0.47	0.144	1.837143e-28	7	Ccl-9294
Ccl-1982	4.604764e-32	0.6869282	0.681	0.294	8.923571e-28	7	Ccl-1982
Ccl-4343	5.168947e-32	0.6072447	0.759	0.35	1.00169e-27	7	Ccl-4343
Ccl-12733	7.671051e-32	0.5249306	0.53	0.177	1.486573e-27	7	Ccl-12733
Ccl-19573	2.171605e-31	0.6769421	0.693	0.302	4.208353e-27	7	Ccl-19573
Ccl-9913	5.344395e-31	0.6469054	0.693	0.295	1.03569e-26	7	Ccl-9913
Ccl-10440	9.893384e-30	0.6464396	0.747	0.347	1.917239e-25	7	Ccl-10440
Ccl-4735	1.152375e-29	0.5024444	0.554	0.203	2.233187e-25	7	Ccl-4735
Ccl-13904	3.660899e-29	0.5612618	0.699	0.3	7.094457e-25	7	Ccl-13904
Ccl-2322	5.54272e-28	0.530104	0.446	0.147	1.074124e-23	7	Ccl-2322
Ccl-14648	1.19862e-27	0.603306	0.669	0.294	2.322805e-23	7	Ccl-14648
Ccl-219	3.99461e-27	0.6865764	0.837	0.51	7.741154e-23	7	Ccl-219
Ccl-583	8.613892e-27	0.5212382	0.422	0.137	1.669286e-22	7	Ccl-583
Ccl-3623	2.573613e-26	0.5298757	0.645	0.277	4.987405e-22	7	Ccl-3623
Ccl-461	5.574841e-26	0.5934992	0.711	0.35	1.080348e-21	7	Ccl-461
Ccl-21	1.285945e-25	0.5353702	0.56	0.23	2.492033e-21	7	Ccl-21
Ccl-11202	3.486035e-25	0.545627	0.705	0.332	6.755588e-21	7	Ccl-11202
Ccl-19300	5.828556e-25	0.5522697	0.584	0.255	1.129516e-20	7	Ccl-19300
Ccl-15449	8.961504e-25	0.5338874	0.59	0.259	1.73665e-20	7	Ccl-15449
Ccl-7838	3.293638e-24	0.6371994	0.813	0.499	6.382741e-20	7	Ccl-7838
Ccl-12539	6.071481e-24	0.6065214	0.729	0.389	1.176592e-19	7	Ccl-12539
Ccl-5844	6.159402e-24	0.5150939	0.657	0.313	1.193631e-19	7	Ccl-5844
Ccl-3120	1.346602e-23	0.5837332	0.645	0.318	2.609581e-19	7	Ccl-3120
Ccl-477	1.662756e-23	0.6262721	0.717	0.382	3.222255e-19	7	Ccl-477
Ccl-15644	1.950547e-23	0.5203089	0.59	0.271	3.779966e-19	7	Ccl-15644
Ccl-2146	5.391264e-23	0.5669941	0.675	0.327	1.044773e-18	7	Ccl-2146
Ccl-4362	1.24375e-22	0.512684	0.657	0.295	2.410263e-18	7	Ccl-4362
Ccl-2799	5.400746e-22	0.5564106	0.554	0.243	1.04661e-17	7	Ccl-2799
Ccl-10762	1.850418e-21	0.5496559	0.711	0.354	3.585925e-17	7	Ccl-10762
Ccl-8587	3.25917e-21	0.5119252	0.639	0.319	6.315946e-17	7	Ccl-8587
Ccl-8856	0	3.428863	1	0.238	0	8	Ccl-8856
Ccl-8153	0	2.414809	0.907	0.172	0	8	Ccl-8153
Ccl-22171	0	2.217302	0.943	0.143	0	8	Ccl-22171
Ccl-7378	0	1.989686	0.93	0.15	0	8	Ccl-7378
Ccl-23139	0	1.937749	0.855	0.145	0	8	Ccl-23139
Ccl-6408	0	1.861728	0.873	0.103	0	8	Ccl-6408
Ccl-10875	0	1.854536	0.897	0.157	0	8	Ccl-10875
Ccl-20970	0	1.618052	0.858	0.119	0	8	Ccl-20970
Ccl-10079	0	1.605239	0.868	0.118	0	8	Ccl-10079
Ccl-13262	0	1.48422	0.805	0.122	0	8	Ccl-13262
Ccl-5531	0	1.48314	0.792	0.082	0	8	Ccl-5531
Ccl-8384	0	1.400324	0.838	0.112	0	8	Ccl-8384
Ccl-4364	0	1.190091	0.61	0.054	0	8	Ccl-4364
Ccl-14493	0	1.059246	0.64	0.061	0	8	Ccl-14493
Ccl-146	0	1.006638	0.603	0.041	0	8	Ccl-146
Ccl-16666	0	0.9933637	0.545	0.019	0	8	Ccl-16666
Ccl-5575	0	0.7398284	0.452	0.024	0	8	Ccl-5575
Ccl-8301	1.253331e-302	1.06602	0.63	0.072	2.428831e-298	8	Ccl-8301
Ccl-11437	1.117431e-301	1.692114	0.843	0.156	2.16547e-297	8	Ccl-11437
Ccl-152	1.056384e-299	1.301361	0.755	0.114	2.047167e-295	8	Ccl-152
Ccl-8690	3.199881e-298	1.28999	0.745	0.112	6.20105e-294	8	Ccl-8690
Ccl-6705	2.246014e-291	1.130736	0.652	0.081	4.35255e-287	8	Ccl-6705
Ccl-103	1.029507e-284	0.5604309	0.358	0.019	1.995081e-280	8	Ccl-103
Ccl-1180	1.077805e-283	2.456979	0.993	0.311	2.088678e-279	8	Ccl-1180
Ccl-14990	9.272355e-281	0.9976112	0.608	0.073	1.79689e-276	8	Ccl-14990
Ccl-12941	7.338269e-278	1.919494	0.907	0.223	1.422083e-273	8	Ccl-12941
Ccl-7836	1.212651e-276	0.9283181	0.593	0.069	2.349997e-272	8	Ccl-7836
Ccl-6680	1.450912e-267	0.9344956	0.61	0.076	2.811723e-263	8	Ccl-6680
Ccl-3665	2.170485e-247	1.107751	0.623	0.089	4.206183e-243	8	Ccl-3665
Ccl-13302	3.76603e-244	0.9740552	0.51	0.058	7.298189e-240	8	Ccl-13302
Ccl-482	8.680699e-242	0.9015772	0.593	0.081	1.682233e-237	8	Ccl-482
Ccl-9693	2.732044e-241	1.180497	0.535	0.066	5.294428e-237	8	Ccl-9693
Ccl-7316	9.512133e-233	1.346533	0.917	0.246	1.843356e-228	8	Ccl-7316
Ccl-6148	4.339737e-229	1.342778	0.608	0.092	8.409977e-225	8	Ccl-6148
Ccl-10383	1.243726e-223	1.160952	0.675	0.121	2.410217e-219	8	Ccl-10383
Ccl-18201	3.828948e-223	0.8206169	0.465	0.051	7.420118e-219	8	Ccl-18201
Ccl-11511	7.614407e-223	0.737359	0.44	0.045	1.475596e-218	8	Ccl-11511
Ccl-10982	6.661472e-218	1.3493	0.723	0.149	1.290927e-213	8	Ccl-10982
Ccl-243	1.149283e-214	0.5280778	0.318	0.022	2.227196e-210	8	Ccl-243
Ccl-5532	1.354624e-212	0.6985727	0.46	0.052	2.625127e-208	8	Ccl-5532
Ccl-2367	1.982824e-212	0.9849526	0.627	0.109	3.842514e-208	8	Ccl-2367
Ccl-2749	3.612054e-210	1.293044	0.677	0.135	6.999799e-206	8	Ccl-2749
Ccl-19948	7.541657e-209	1.062962	0.495	0.064	1.461498e-204	8	Ccl-19948
Ccl-10328	2.69674e-205	1.215917	0.743	0.161	5.226012e-201	8	Ccl-10328
Ccl-2137	2.108606e-201	1.030735	0.667	0.127	4.086268e-197	8	Ccl-2137
Ccl-9545	7.225419e-197	0.570874	0.328	0.027	1.400214e-192	8	Ccl-9545
Ccl-16027	6.594867e-195	1.074476	0.632	0.119	1.278019e-190	8	Ccl-16027
Ccl-2016	2.832892e-190	1.200196	0.787	0.208	5.489861e-186	8	Ccl-2016
Ccl-17582	1.030419e-187	1.689796	0.973	0.542	1.996848e-183	8	Ccl-17582
Ccl-3277	4.376212e-187	1.453258	0.935	0.356	8.480661e-183	8	Ccl-3277
Ccl-18349	5.656542e-187	0.9128207	0.465	0.064	1.096181e-182	8	Ccl-18349
Ccl-6754	2.645076e-186	0.855702	0.545	0.087	5.125893e-182	8	Ccl-6754
Ccl-14657	1.061845e-183	0.6106404	0.38	0.041	2.057749e-179	8	Ccl-14657
Ccl-18353	1.04895e-177	0.8189615	0.47	0.068	2.032761e-173	8	Ccl-18353
Ccl-16301	1.476021e-177	1.797679	0.985	0.421	2.860382e-173	8	Ccl-16301
Ccl-15863	1.709651e-175	0.6928315	0.435	0.058	3.313132e-171	8	Ccl-15863
Ccl-18760	5.111397e-175	0.7255536	0.49	0.074	9.905377e-171	8	Ccl-18760
Ccl-11877	3.442934e-174	0.7576102	0.455	0.064	6.672062e-170	8	Ccl-11877
Ccl-10718	3.792198e-173	0.6552864	0.382	0.045	7.3489e-169	8	Ccl-10718
Ccl-16916	1.326797e-172	0.8563635	0.485	0.075	2.571199e-168	8	Ccl-16916
Ccl-1074	2.138126e-172	0.6140327	0.33	0.032	4.143473e-168	8	Ccl-1074
Ccl-14055	3.724037e-172	0.5784023	0.375	0.042	7.216812e-168	8	Ccl-14055
Ccl-6390	4.554994e-172	1.080534	0.785	0.217	8.827124e-168	8	Ccl-6390
Ccl-4071	5.642843e-172	1.235817	0.848	0.288	1.093526e-167	8	Ccl-4071
Ccl-8689	2.788151e-169	0.7048613	0.462	0.068	5.403157e-165	8	Ccl-8689
Ccl-6734	2.844837e-168	0.9603525	0.593	0.119	5.51301e-164	8	Ccl-6734
Ccl-4219	3.866704e-168	0.6856532	0.465	0.069	7.493285e-164	8	Ccl-4219
Ccl-2258	7.567007e-167	1.072564	0.555	0.106	1.46641e-162	8	Ccl-2258
Ccl-16494	1.074146e-166	1.165519	0.81	0.255	2.081587e-162	8	Ccl-16494
Ccl-10218	2.841332e-165	0.6385939	0.432	0.061	5.506218e-161	8	Ccl-10218
Ccl-3915	9.533918e-164	0.6586221	0.46	0.069	1.847578e-159	8	Ccl-3915
Ccl-11136	2.689669e-163	0.9251805	0.46	0.07	5.212309e-159	8	Ccl-11136
Ccl-3664	7.571409e-163	0.7055929	0.465	0.072	1.467263e-158	8	Ccl-3664
Ccl-1778	1.559015e-161	1.355645	0.875	0.312	3.021215e-157	8	Ccl-1778
Ccl-14671	1.374873e-153	0.6194531	0.358	0.043	2.664367e-149	8	Ccl-14671
Ccl-7475	2.586692e-153	0.8875445	0.65	0.156	5.01275e-149	8	Ccl-7475
Ccl-7794	7.197142e-152	1.297456	0.89	0.377	1.394734e-147	8	Ccl-7794
Ccl-10325	9.069086e-152	1.169656	0.66	0.159	1.757498e-147	8	Ccl-10325
Ccl-2788	9.460518e-149	0.9042024	0.66	0.166	1.833354e-144	8	Ccl-2788
Ccl-10214	1.917781e-148	1.06762	0.845	0.289	3.716469e-144	8	Ccl-10214
Ccl-14617	4.699816e-148	0.5240073	0.315	0.034	9.107774e-144	8	Ccl-14617
Ccl-232	6.760331e-148	0.7933517	0.54	0.106	1.310085e-143	8	Ccl-232
Ccl-2346	5.611283e-147	0.6694216	0.365	0.048	1.087411e-142	8	Ccl-2346
Ccl-2208	5.455848e-146	0.6965369	0.392	0.056	1.057289e-141	8	Ccl-2208
Ccl-784	9.44266e-145	0.6179367	0.388	0.054	1.829893e-140	8	Ccl-784
Ccl-5390	4.097213e-142	1.021948	0.718	0.212	7.93999e-138	8	Ccl-5390
Ccl-3647	1.056952e-139	0.6560495	0.412	0.065	2.048268e-135	8	Ccl-3647
Ccl-4659	2.732993e-139	1.087959	0.552	0.12	5.296266e-135	8	Ccl-4659
Ccl-17654	7.04794e-139	1.102728	0.762	0.263	1.36582e-134	8	Ccl-17654
Ccl-496	1.751535e-138	0.6863489	0.442	0.075	3.3943e-134	8	Ccl-496
Ccl-4064	2.248182e-134	0.769509	0.605	0.14	4.356752e-130	8	Ccl-4064
Ccl-11706	1.593945e-133	0.612816	0.388	0.059	3.088905e-129	8	Ccl-11706
Ccl-22420	2.980901e-133	1.162967	0.838	0.352	5.776688e-129	8	Ccl-22420
Ccl-5975	1.234994e-132	0.6469947	0.462	0.084	2.393295e-128	8	Ccl-5975
Ccl-4617	1.493571e-132	0.6972262	0.498	0.098	2.894392e-128	8	Ccl-4617
Ccl-782	5.87612e-132	0.5420439	0.362	0.052	1.138733e-127	8	Ccl-782
Ccl-1040	1.534297e-127	0.5996997	0.43	0.076	2.973313e-123	8	Ccl-1040
Ccl-15869	3.134831e-127	1.193227	0.965	0.483	6.074988e-123	8	Ccl-15869
Ccl-11851	4.122373e-126	0.5591446	0.382	0.061	7.988747e-122	8	Ccl-11851
Ccl-5203	1.274348e-125	1.149555	0.875	0.405	2.469558e-121	8	Ccl-5203
Ccl-6681	3.570083e-125	0.9339102	0.672	0.204	6.918463e-121	8	Ccl-6681
Ccl-17337	4.931204e-125	0.9536466	0.655	0.191	9.55618e-121	8	Ccl-17337
Ccl-11366	1.229356e-123	0.9419064	0.675	0.201	2.382368e-119	8	Ccl-11366
Ccl-7599	4.050715e-122	0.8142199	0.595	0.155	7.849881e-118	8	Ccl-7599
Ccl-7572	4.460865e-121	0.7652467	0.438	0.084	8.644711e-117	8	Ccl-7572
Ccl-2521	4.755206e-121	0.6677917	0.5	0.11	9.215113e-117	8	Ccl-2521
Ccl-11010	5.751977e-120	0.5396833	0.342	0.051	1.114676e-115	8	Ccl-11010
Ccl-12991	1.327185e-119	1.074811	0.885	0.399	2.571952e-115	8	Ccl-12991
Ccl-219	1.907567e-119	1.203302	0.905	0.498	3.696675e-115	8	Ccl-219
Ccl-5805	6.263679e-117	0.8696244	0.71	0.236	1.213838e-112	8	Ccl-5805
Ccl-16745	7.093191e-114	0.9644634	0.53	0.137	1.37459e-109	8	Ccl-16745
Ccl-14278	1.870158e-113	0.5146131	0.382	0.067	3.624179e-109	8	Ccl-14278
Ccl-2608	4.100686e-113	0.5718384	0.358	0.06	7.94672e-109	8	Ccl-2608
Ccl-9415	4.813507e-112	0.600928	0.435	0.088	9.328096e-108	8	Ccl-9415
Ccl-7798	1.220592e-111	0.7625196	0.64	0.19	2.365385e-107	8	Ccl-7798
Ccl-11332	7.649512e-111	0.8422069	0.613	0.179	1.482399e-106	8	Ccl-11332
Ccl-2736	6.227693e-110	1.036937	0.825	0.36	1.206865e-105	8	Ccl-2736
Ccl-12733	2.997699e-109	0.7475208	0.588	0.165	5.80924e-105	8	Ccl-12733
Ccl-3401	3.620386e-109	0.9649636	0.782	0.327	7.015945e-105	8	Ccl-3401
Ccl-6970	1.276319e-108	0.5384792	0.33	0.053	2.473379e-104	8	Ccl-6970
Ccl-461	6.635412e-107	0.9781384	0.785	0.336	1.285876e-102	8	Ccl-461
Ccl-4486	4.510782e-106	0.5362671	0.455	0.1	8.741445e-102	8	Ccl-4486
Ccl-11055	1.166498e-105	0.6107485	0.465	0.105	2.260556e-101	8	Ccl-11055
Ccl-21744	1.930408e-104	0.6217409	0.482	0.113	3.740938e-100	8	Ccl-21744
Ccl-4671	1.69184e-103	0.6080328	0.495	0.116	3.278618e-99	8	Ccl-4671
Ccl-6615	2.303064e-103	0.7630048	0.618	0.189	4.463108e-99	8	Ccl-6615
Ccl-14119	1.275291e-102	0.5211017	0.368	0.068	2.471387e-98	8	Ccl-14119
Ccl-3938	6.091972e-102	0.865437	0.688	0.241	1.180563e-97	8	Ccl-3938
Ccl-6620	3.283776e-101	0.5164608	0.405	0.083	6.363629e-97	8	Ccl-6620
Ccl-1781	2.481976e-100	0.5655021	0.388	0.077	4.809822e-96	8	Ccl-1781
Ccl-12238	2.533129e-98	0.6149377	0.438	0.1	4.908951e-94	8	Ccl-12238
Ccl-4343	5.014678e-98	0.9113086	0.765	0.338	9.717945e-94	8	Ccl-4343
Ccl-11202	1.729286e-97	0.9115295	0.755	0.319	3.351182e-93	8	Ccl-11202
Ccl-6116	2.45324e-97	0.5543436	0.42	0.091	4.754133e-93	8	Ccl-6116
Ccl-19684	2.485042e-96	0.8011571	0.767	0.291	4.815762e-92	8	Ccl-19684
Ccl-2404	9.943677e-92	0.5036588	0.385	0.082	1.926985e-87	8	Ccl-2404
Ccl-1539	7.513801e-90	0.5442746	0.41	0.095	1.4561e-85	8	Ccl-1539
Ccl-483	3.936091e-89	0.5285461	0.38	0.081	7.627752e-85	8	Ccl-483
Ccl-13185	1.194326e-88	0.7903356	0.623	0.224	2.314484e-84	8	Ccl-13185
Ccl-21152	1.403462e-87	0.8839531	0.792	0.371	2.719769e-83	8	Ccl-21152
Ccl-21702	2.104384e-87	0.9272398	0.785	0.389	4.078086e-83	8	Ccl-21702
Ccl-20377	4.075762e-87	0.6124347	0.485	0.132	7.898419e-83	8	Ccl-20377
Ccl-11034	5.388164e-87	0.7526001	0.492	0.142	1.044172e-82	8	Ccl-11034
Ccl-2155	1.324056e-85	0.6448077	0.352	0.074	2.565888e-81	8	Ccl-2155
Ccl-3701	2.440959e-84	0.5260814	0.412	0.099	4.730334e-80	8	Ccl-3701
Ccl-2412	3.90581e-84	0.5287954	0.39	0.091	7.569068e-80	8	Ccl-2412
Ccl-516	4.828643e-82	0.5498727	0.398	0.095	9.357428e-78	8	Ccl-516
Ccl-21154	6.260998e-80	0.6793175	0.583	0.2	1.213319e-75	8	Ccl-21154
Ccl-3591	1.9991e-79	0.8543401	0.76	0.374	3.874055e-75	8	Ccl-3591
Ccl-5394	7.357212e-79	0.7206016	0.635	0.242	1.425754e-74	8	Ccl-5394
Ccl-2698	2.265456e-78	0.5050424	0.378	0.09	4.390227e-74	8	Ccl-2698
Ccl-4527	6.195675e-78	0.5316583	0.42	0.109	1.20066e-73	8	Ccl-4527
Ccl-6336	1.526944e-76	0.5743703	0.44	0.124	2.959065e-72	8	Ccl-6336
Ccl-19573	2.58824e-76	0.7817161	0.677	0.292	5.01575e-72	8	Ccl-19573
Ccl-6922	2.680008e-76	0.6882904	0.557	0.186	5.193587e-72	8	Ccl-6922
Ccl-10497	7.205213e-76	0.9652471	0.64	0.278	1.396298e-71	8	Ccl-10497
Ccl-6379	1.004474e-75	0.5719966	0.375	0.091	1.94657e-71	8	Ccl-6379
Ccl-3296	1.753397e-75	0.6240345	0.502	0.16	3.397909e-71	8	Ccl-3296
Ccl-4405	2.810505e-75	0.6054698	0.498	0.157	5.446479e-71	8	Ccl-4405
Ccl-10708	4.440334e-75	0.5448623	0.442	0.123	8.604924e-71	8	Ccl-10708
Ccl-4199	2.091886e-74	0.5271476	0.382	0.097	4.053866e-70	8	Ccl-4199
Ccl-11445	2.094956e-74	0.5034689	0.63	0.216	4.059815e-70	8	Ccl-11445
Ccl-6771	8.68103e-74	0.66244	0.517	0.173	1.682297e-69	8	Ccl-6771
Ccl-11153	1.482189e-72	0.9358055	0.87	0.526	2.872334e-68	8	Ccl-11153
Ccl-8009	1.276607e-70	0.5744622	0.488	0.155	2.473937e-66	8	Ccl-8009
Ccl-4362	9.489128e-70	0.7091848	0.677	0.284	1.838898e-65	8	Ccl-4362
Ccl-16574	1.074076e-68	0.6269398	0.565	0.209	2.081452e-64	8	Ccl-16574
Ccl-1982	2.447263e-68	0.7733395	0.647	0.285	4.74255e-64	8	Ccl-1982
Ccl-18263	5.403544e-68	0.5685459	0.46	0.145	1.047153e-63	8	Ccl-18263
Ccl-3929	1.003898e-67	0.651932	0.672	0.287	1.945454e-63	8	Ccl-3929
Ccl-6599	6.804079e-67	0.7276401	0.47	0.159	1.318562e-62	8	Ccl-6599
Ccl-6828	2.548011e-65	0.6341538	0.593	0.241	4.93779e-61	8	Ccl-6828
Ccl-4944	1.498748e-64	0.7627476	0.823	0.474	2.904423e-60	8	Ccl-4944
Ccl-21	1.643564e-64	0.6117472	0.57	0.22	3.185063e-60	8	Ccl-21
Ccl-7512	2.470988e-64	0.660757	0.647	0.261	4.788527e-60	8	Ccl-7512
Ccl-34	2.575513e-64	0.5020889	0.44	0.136	4.991087e-60	8	Ccl-34
Ccl-11184	2.925301e-63	0.8016897	0.79	0.474	5.66894e-59	8	Ccl-11184
Ccl-12999	7.939077e-63	0.6668407	0.512	0.191	1.538514e-58	8	Ccl-12999
Ccl-2316	3.575365e-62	0.5630179	0.492	0.172	6.9287e-58	8	Ccl-2316
Ccl-6389	3.94844e-62	0.8081962	0.963	0.829	7.651682e-58	8	Ccl-6389
Ccl-14648	9.378763e-61	0.6424763	0.652	0.284	1.81751e-56	8	Ccl-14648
Ccl-4601	1.206404e-60	0.5769455	0.522	0.198	2.337891e-56	8	Ccl-4601
Ccl-5341	1.021177e-59	0.5774614	0.505	0.187	1.978939e-55	8	Ccl-5341
Ccl-13874	1.239218e-59	0.7008119	0.705	0.359	2.401481e-55	8	Ccl-13874
Ccl-1552	2.171012e-59	0.6144156	0.62	0.26	4.207205e-55	8	Ccl-1552
Ccl-3627	2.624836e-58	0.5275704	0.452	0.155	5.08667e-54	8	Ccl-3627
Ccl-10292	2.588115e-55	0.508755	0.442	0.155	5.015509e-51	8	Ccl-10292
Ccl-6747	4.261706e-55	0.623748	0.63	0.303	8.258759e-51	8	Ccl-6747
Ccl-8962	6.560524e-55	0.5925342	0.507	0.204	1.271364e-50	8	Ccl-8962
Ccl-7584	8.037785e-55	0.5994665	0.435	0.151	1.557642e-50	8	Ccl-7584
Ccl-7577	3.245254e-54	0.7066679	0.7	0.375	6.288978e-50	8	Ccl-7577
Ccl-5325	4.830002e-54	0.5299042	0.502	0.195	9.36006e-50	8	Ccl-5325
Ccl-11762	1.140759e-53	0.7226187	0.775	0.455	2.210677e-49	8	Ccl-11762
Ccl-11513	2.004264e-53	0.5113915	0.517	0.193	3.884063e-49	8	Ccl-11513
Ccl-15910	2.866806e-52	0.6664944	0.713	0.39	5.555582e-48	8	Ccl-15910
Ccl-7389	2.860988e-50	0.6856729	0.818	0.554	5.544309e-46	8	Ccl-7389
Ccl-970	1.959592e-48	0.5466838	0.522	0.223	3.797493e-44	8	Ccl-970
Ccl-780	3.92741e-45	0.5671074	0.522	0.234	7.610928e-41	8	Ccl-780
Ccl-9731	1.128296e-44	0.5781494	0.66	0.351	2.186525e-40	8	Ccl-9731
Ccl-16018	1.092431e-43	0.5010863	0.402	0.151	2.117023e-39	8	Ccl-16018
Ccl-1813	8.801073e-43	0.5336322	0.557	0.247	1.70556e-38	8	Ccl-1813
Ccl-20527	1.41312e-42	0.6343429	0.757	0.486	2.738485e-38	8	Ccl-20527
Ccl-7361	2.541436e-42	0.5898905	0.657	0.367	4.925049e-38	8	Ccl-7361
Ccl-10469	3.929775e-42	0.6153034	0.755	0.476	7.615511e-38	8	Ccl-10469
Ccl-1305	3.185703e-41	0.5664973	0.637	0.344	6.173575e-37	8	Ccl-1305
Ccl-9913	5.380479e-41	0.5051032	0.598	0.289	1.042683e-36	8	Ccl-9913
Ccl-2552	9.792658e-41	0.529171	0.565	0.276	1.897719e-36	8	Ccl-2552
Ccl-1117	1.891709e-40	0.5354471	0.613	0.317	3.665944e-36	8	Ccl-1117
Ccl-2146	1.274743e-39	0.5523514	0.613	0.32	2.470324e-35	8	Ccl-2146
Ccl-2283	1.723573e-39	0.5737524	0.945	0.85	3.340113e-35	8	Ccl-2283
Ccl-3605	1.415731e-38	0.6844725	0.755	0.482	2.743546e-34	8	Ccl-3605
Ccl-17736	1.788841e-38	0.5333697	0.65	0.362	3.466595e-34	8	Ccl-17736
Ccl-10762	3.006372e-38	0.5835686	0.625	0.348	5.826048e-34	8	Ccl-10762
Ccl-1772	3.660882e-38	0.6780427	0.71	0.401	7.094423e-34	8	Ccl-1772
Ccl-3702	9.004244e-36	0.5436162	0.725	0.445	1.744932e-31	8	Ccl-3702
Ccl-2543	1.526019e-32	0.587805	0.635	0.369	2.957272e-28	8	Ccl-2543
Ccl-477	1.303669e-28	0.5252977	0.608	0.378	2.526379e-24	8	Ccl-477
Ccl-6408	3.472646e-284	1.472003	0.865	0.115	6.729641e-280	9	Ccl-6408
Ccl-8384	2.671099e-282	1.587699	0.865	0.122	5.176323e-278	9	Ccl-8384
Ccl-10079	1.130233e-265	1.541517	0.88	0.129	2.190279e-261	9	Ccl-10079
Ccl-6680	1.307666e-257	1.137582	0.704	0.081	2.534126e-253	9	Ccl-6680
Ccl-8690	1.176458e-250	1.402757	0.818	0.119	2.279859e-246	9	Ccl-8690
Ccl-7378	1.329002e-249	1.949464	0.909	0.162	2.575473e-245	9	Ccl-7378
Ccl-8301	1.770678e-230	1.198269	0.657	0.079	3.431396e-226	9	Ccl-8301
Ccl-12520	1.100507e-228	1.056122	0.577	0.059	2.132672e-224	9	Ccl-12520
Ccl-270	6.204411e-223	0.9258906	0.547	0.055	1.202353e-218	9	Ccl-270
Ccl-20970	2.591116e-216	1.405036	0.807	0.132	5.021324e-212	9	Ccl-20970
Ccl-11199	1.106141e-214	0.6788936	0.46	0.038	2.14359e-210	9	Ccl-11199
Ccl-8856	1.870358e-210	2.274761	0.989	0.249	3.624567e-206	9	Ccl-8856
Ccl-8153	1.826815e-201	1.605192	0.905	0.183	3.540185e-197	9	Ccl-8153
Ccl-1180	3.548651e-201	2.393995	1	0.321	6.876931e-197	9	Ccl-1180
Ccl-11437	1.696475e-200	1.522787	0.847	0.166	3.287599e-196	9	Ccl-11437
Ccl-2990	7.00141e-198	1.891453	0.96	0.262	1.356803e-193	9	Ccl-2990
Ccl-5531	1.224435e-195	1.089886	0.675	0.096	2.372833e-191	9	Ccl-5531
Ccl-14392	1.04854e-185	0.6857737	0.427	0.038	2.031966e-181	9	Ccl-14392
Ccl-22171	5.246843e-180	1.282879	0.825	0.158	1.016786e-175	9	Ccl-22171
Ccl-2277	5.497963e-169	0.7175325	0.427	0.043	1.06545e-164	9	Ccl-2277
Ccl-242	1.125237e-166	0.6082938	0.383	0.034	2.180597e-162	9	Ccl-242
Ccl-4877	2.034586e-164	0.6801252	0.449	0.049	3.942824e-160	9	Ccl-4877
Ccl-152	2.782749e-163	1.102289	0.697	0.125	5.392689e-159	9	Ccl-152
Ccl-10214	8.4092e-158	1.651553	0.909	0.295	1.629619e-153	9	Ccl-10214
Ccl-2137	1.680243e-157	1.042553	0.701	0.134	3.256142e-153	9	Ccl-2137
Ccl-13262	2.485138e-157	1.09473	0.719	0.135	4.815949e-153	9	Ccl-13262
Ccl-12941	2.462588e-156	1.437528	0.876	0.234	4.772249e-152	9	Ccl-12941
Ccl-16079	3.858551e-156	0.5955634	0.405	0.041	7.477486e-152	9	Ccl-16079
Ccl-7836	1.56839e-149	0.8054212	0.54	0.079	3.039382e-145	9	Ccl-7836
Ccl-3277	2.848433e-145	1.736286	0.927	0.365	5.519979e-141	9	Ccl-3277
Ccl-20377	4.23885e-145	1.021147	0.664	0.131	8.214467e-141	9	Ccl-20377
Ccl-1040	1.56188e-141	0.8519159	0.522	0.079	3.026767e-137	9	Ccl-1040
Ccl-1947	1.238059e-139	0.7282069	0.434	0.055	2.399235e-135	9	Ccl-1947
Ccl-5532	2.233756e-135	0.7056071	0.449	0.059	4.328795e-131	9	Ccl-5532
Ccl-6754	1.531405e-134	0.8455133	0.562	0.093	2.96771e-130	9	Ccl-6754
Ccl-16301	2.641807e-134	2.173746	0.982	0.429	5.119558e-130	9	Ccl-16301
Ccl-3501	5.688833e-131	0.6184795	0.372	0.042	1.102439e-126	9	Ccl-3501
Ccl-14990	4.754618e-127	0.7383182	0.518	0.083	9.213974e-123	9	Ccl-14990
Ccl-4671	7.67814e-125	0.9603308	0.599	0.118	1.487947e-120	9	Ccl-4671
Ccl-496	4.106006e-122	0.6320798	0.496	0.078	7.95703e-118	9	Ccl-496
Ccl-11846	6.304499e-122	0.7303433	0.453	0.068	1.221749e-117	9	Ccl-11846
Ccl-10982	1.568049e-119	1.052913	0.686	0.159	3.038721e-115	9	Ccl-10982
Ccl-17582	9.105222e-119	1.527711	0.971	0.549	1.764501e-114	9	Ccl-17582
Ccl-6116	3.935456e-117	0.7970758	0.522	0.092	7.62652e-113	9	Ccl-6116
Ccl-1773	1.673985e-113	1.186741	0.887	0.289	3.244016e-109	9	Ccl-1773
Ccl-10328	2.332802e-111	0.9886836	0.69	0.172	4.520737e-107	9	Ccl-10328
Ccl-8689	2.909872e-109	0.7805289	0.449	0.074	5.639042e-105	9	Ccl-8689
Ccl-621	3.472246e-109	0.730808	0.453	0.076	6.728866e-105	9	Ccl-621
Ccl-18760	1.617833e-106	0.6949675	0.467	0.081	3.135199e-102	9	Ccl-18760
Ccl-10708	1.463481e-105	0.8474853	0.569	0.124	2.83608e-101	9	Ccl-10708
Ccl-20653	1.516581e-105	0.5122041	0.318	0.038	2.938982e-101	9	Ccl-20653
Ccl-6615	2.656007e-104	0.9688706	0.693	0.193	5.147076e-100	9	Ccl-6615
Ccl-12696	8.815193e-104	0.5810567	0.431	0.069	1.708296e-99	9	Ccl-12696
Ccl-2736	1.199527e-103	1.193726	0.872	0.366	2.324564e-99	9	Ccl-2736
Ccl-2016	4.983176e-103	1.030372	0.737	0.218	9.656897e-99	9	Ccl-2016
Ccl-483	1.537755e-102	0.6623563	0.467	0.082	2.980015e-98	9	Ccl-483
Ccl-5805	3.459832e-101	1.007498	0.755	0.242	6.704808e-97	9	Ccl-5805
Ccl-4064	2.018448e-98	0.845201	0.613	0.146	3.91155e-94	9	Ccl-4064
Ccl-3665	6.589064e-98	0.8463183	0.5	0.101	1.276895e-93	9	Ccl-3665
Ccl-6705	9.081399e-98	0.7969181	0.493	0.095	1.759884e-93	9	Ccl-6705
Ccl-10875	1.073027e-97	0.8255274	0.675	0.175	2.079419e-93	9	Ccl-10875
Ccl-3841	2.595867e-91	0.9723748	0.96	0.381	5.03053e-87	9	Ccl-3841
Ccl-12991	6.168832e-91	1.247321	0.869	0.407	1.195458e-86	9	Ccl-12991
Ccl-21154	3.28249e-89	0.9419808	0.664	0.203	6.361138e-85	9	Ccl-21154
Ccl-19684	1.129412e-88	0.9879145	0.825	0.296	2.188688e-84	9	Ccl-19684
Ccl-11055	8.29908e-88	0.6228943	0.504	0.11	1.608279e-83	9	Ccl-11055
Ccl-482	9.231379e-88	0.6524398	0.46	0.093	1.788949e-83	9	Ccl-482
Ccl-22420	6.115301e-87	1.180108	0.818	0.36	1.185084e-82	9	Ccl-22420
Ccl-6734	1.453989e-86	0.8650818	0.536	0.128	2.817686e-82	9	Ccl-6734
Ccl-34	3.436192e-86	0.7388488	0.555	0.137	6.658997e-82	9	Ccl-34
Ccl-3256	1.433446e-83	0.7476984	0.536	0.132	2.777875e-79	9	Ccl-3256
Ccl-6721	3.874532e-82	0.7512298	0.672	0.193	7.508456e-78	9	Ccl-6721
Ccl-278	5.237572e-82	0.508945	0.387	0.07	1.014989e-77	9	Ccl-278
Ccl-3701	2.699331e-80	0.6384784	0.467	0.102	5.231033e-76	9	Ccl-3701
Ccl-8001	5.503102e-79	0.538471	0.354	0.061	1.066446e-74	9	Ccl-8001
Ccl-6390	1.669012e-78	0.8386412	0.686	0.229	3.234379e-74	9	Ccl-6390
Ccl-16494	2.478154e-78	0.9427317	0.734	0.265	4.802415e-74	9	Ccl-16494
Ccl-17654	3.764566e-78	0.9787446	0.734	0.271	7.295353e-74	9	Ccl-17654
Ccl-4219	7.928685e-78	0.5127216	0.401	0.077	1.5365e-73	9	Ccl-4219
Ccl-5390	8.247567e-78	0.9202196	0.664	0.221	1.598296e-73	9	Ccl-5390
Ccl-12700	1.708707e-77	0.5475387	0.394	0.076	3.311303e-73	9	Ccl-12700
Ccl-16574	6.507968e-77	0.889191	0.642	0.211	1.261179e-72	9	Ccl-16574
Ccl-4527	8.476511e-77	0.6128924	0.485	0.112	1.642663e-72	9	Ccl-4527
Ccl-11851	1.025294e-75	0.5994689	0.361	0.066	1.986917e-71	9	Ccl-11851
Ccl-18857	5.014826e-74	0.5437958	0.369	0.069	9.718231e-70	9	Ccl-18857
Ccl-11662	1.828223e-73	0.7472146	0.821	0.299	3.542913e-69	9	Ccl-11662
Ccl-1778	3.384343e-73	1.000259	0.796	0.323	6.558518e-69	9	Ccl-1778
Ccl-11332	4.678766e-73	0.7258635	0.613	0.185	9.066982e-69	9	Ccl-11332
Ccl-10325	3.300667e-72	0.6888299	0.602	0.169	6.396363e-68	9	Ccl-10325
Ccl-584	7.970913e-71	0.653178	0.496	0.129	1.544683e-66	9	Ccl-584
Ccl-14648	1.305892e-67	0.9032977	0.719	0.287	2.530689e-63	9	Ccl-14648
Ccl-10383	2.792957e-67	0.6979497	0.507	0.135	5.412472e-63	9	Ccl-10383
Ccl-9652	7.048145e-67	0.608121	0.46	0.117	1.36586e-62	9	Ccl-9652
Ccl-13185	7.173157e-67	0.7755921	0.646	0.229	1.390086e-62	9	Ccl-13185
Ccl-10300	1.189756e-66	0.606318	0.493	0.13	2.305627e-62	9	Ccl-10300
Ccl-3786	3.457695e-66	0.6748548	0.551	0.165	6.700667e-62	9	Ccl-3786
Ccl-2788	7.576132e-66	0.7676742	0.566	0.177	1.468179e-61	9	Ccl-2788
Ccl-16027	1.964637e-65	0.7106058	0.493	0.132	3.807271e-61	9	Ccl-16027
Ccl-5203	2.186451e-65	0.9629282	0.828	0.413	4.237124e-61	9	Ccl-5203
Ccl-5353	7.910591e-65	0.5055304	0.332	0.064	1.532993e-60	9	Ccl-5353
Ccl-15869	1.05056e-64	0.9000465	0.927	0.491	2.035879e-60	9	Ccl-15869
Ccl-11153	2.210913e-63	1.077967	0.887	0.531	4.284529e-59	9	Ccl-11153
Ccl-7798	2.245961e-63	0.7603696	0.591	0.198	4.352448e-59	9	Ccl-7798
Ccl-3296	2.866735e-63	0.703462	0.54	0.164	5.555447e-59	9	Ccl-3296
Ccl-1813	7.476348e-63	0.7975773	0.686	0.247	1.448841e-58	9	Ccl-1813
Ccl-11513	4.38138e-62	0.5827135	0.617	0.195	8.490676e-58	9	Ccl-11513
Ccl-7101	1.253128e-61	0.6759391	0.464	0.127	2.428436e-57	9	Ccl-7101
Ccl-12849	2.2369e-61	0.5341204	0.416	0.1	4.334888e-57	9	Ccl-12849
Ccl-14493	1.11834e-60	0.5053339	0.365	0.078	2.167232e-56	9	Ccl-14493
Ccl-2316	1.336336e-59	0.6531519	0.544	0.175	2.589685e-55	9	Ccl-2316
Ccl-4617	5.240746e-59	0.6326087	0.423	0.106	1.015604e-54	9	Ccl-4617
Ccl-4486	3.648759e-58	0.5255267	0.416	0.107	7.07093e-54	9	Ccl-4486
Ccl-10470	5.788486e-58	0.7400056	0.588	0.21	1.121751e-53	9	Ccl-10470
Ccl-10762	7.852047e-58	0.8806805	0.745	0.348	1.521648e-53	9	Ccl-10762
Ccl-4343	9.656254e-58	0.8647271	0.741	0.345	1.871286e-53	9	Ccl-4343
Ccl-13904	1.819272e-57	0.7765277	0.693	0.295	3.525568e-53	9	Ccl-13904
Ccl-3500	1.875325e-57	0.5640979	0.38	0.092	3.634191e-53	9	Ccl-3500
Ccl-10994	3.917332e-56	0.6979914	0.558	0.192	7.591398e-52	9	Ccl-10994
Ccl-6771	4.129942e-56	0.671355	0.533	0.178	8.003414e-52	9	Ccl-6771
Ccl-219	6.007956e-56	0.9703266	0.839	0.506	1.164282e-51	9	Ccl-219
Ccl-4071	1.460295e-55	0.7290234	0.708	0.301	2.829906e-51	9	Ccl-4071
Ccl-18612	7.284619e-55	0.7054808	0.529	0.177	1.411686e-50	9	Ccl-18612
Ccl-7475	1.436244e-54	0.5720884	0.536	0.167	2.783298e-50	9	Ccl-7475
Ccl-3401	3.105208e-53	0.7790854	0.726	0.335	6.017582e-49	9	Ccl-3401
Ccl-4735	3.443912e-53	0.5782818	0.566	0.198	6.673957e-49	9	Ccl-4735
Ccl-7512	4.347649e-53	0.5946193	0.697	0.265	8.425309e-49	9	Ccl-7512
Ccl-2550	1.574644e-51	0.6569332	0.504	0.17	3.051503e-47	9	Ccl-2550
Ccl-10292	1.891571e-51	0.5948334	0.489	0.158	3.665676e-47	9	Ccl-10292
Ccl-3664	1.47048e-50	0.5404308	0.339	0.082	2.849643e-46	9	Ccl-3664
Ccl-2552	5.110034e-50	0.7915194	0.635	0.278	9.902735e-46	9	Ccl-2552
Ccl-20796	6.283435e-50	0.7778294	0.755	0.371	1.217667e-45	9	Ccl-20796
Ccl-3066	1.234419e-49	0.6110915	0.982	0.794	2.392181e-45	9	Ccl-3066
Ccl-461	2.096389e-49	0.7787664	0.712	0.345	4.062592e-45	9	Ccl-461
Ccl-21702	1.124461e-48	0.8201072	0.741	0.396	2.179094e-44	9	Ccl-21702
Ccl-12733	3.143394e-48	0.6093728	0.504	0.174	6.091583e-44	9	Ccl-12733
Ccl-1982	6.871088e-48	0.7401953	0.653	0.29	1.331548e-43	9	Ccl-1982
Ccl-6044	1.683461e-47	0.6116777	0.526	0.189	3.262379e-43	9	Ccl-6044
Ccl-5394	5.892623e-47	0.7008789	0.606	0.249	1.141931e-42	9	Ccl-5394
Ccl-4273	6.269067e-46	0.5120272	0.372	0.103	1.214882e-41	9	Ccl-4273
Ccl-3964	8.268715e-46	0.5456798	0.416	0.124	1.602394e-41	9	Ccl-3964
Ccl-13957	1.227156e-44	0.5972156	0.504	0.182	2.378106e-40	9	Ccl-13957
Ccl-1496	2.129554e-44	0.5621198	0.489	0.173	4.126863e-40	9	Ccl-1496
Ccl-1552	3.16603e-43	0.6360219	0.635	0.265	6.13545e-39	9	Ccl-1552
Ccl-19300	4.26867e-43	0.5910134	0.591	0.25	8.272256e-39	9	Ccl-19300
Ccl-3929	1.119007e-42	0.6588116	0.65	0.294	2.168523e-38	9	Ccl-3929
Ccl-2121	2.415578e-42	0.576189	0.467	0.163	4.68115e-38	9	Ccl-2121
Ccl-3171	5.484533e-42	0.5864556	0.515	0.186	1.062848e-37	9	Ccl-3171
Ccl-4170	7.892179e-42	0.5983642	0.427	0.145	1.529425e-37	9	Ccl-4170
Ccl-7794	1.557547e-41	0.7228725	0.741	0.39	3.018371e-37	9	Ccl-7794
Ccl-19573	1.91339e-41	0.736298	0.635	0.299	3.707958e-37	9	Ccl-19573
Ccl-5774	1.034625e-40	0.5915707	0.467	0.171	2.005e-36	9	Ccl-5774
Ccl-2543	5.384085e-40	0.7870666	0.712	0.371	1.043382e-35	9	Ccl-2543
Ccl-717	1.684962e-39	0.5345323	0.511	0.198	3.265288e-35	9	Ccl-717
Ccl-7599	2.947416e-39	0.5450016	0.464	0.166	5.711798e-35	9	Ccl-7599
Ccl-6681	4.005798e-39	0.6109324	0.529	0.216	7.762836e-35	9	Ccl-6681
Ccl-3938	9.588545e-39	0.6849404	0.566	0.252	1.858164e-34	9	Ccl-3938
Ccl-4362	1.546351e-37	0.5907736	0.642	0.291	2.996674e-33	9	Ccl-4362
Ccl-4367	2.008654e-37	0.595343	0.493	0.197	3.89257e-33	9	Ccl-4367
Ccl-5325	2.125491e-36	0.5760958	0.489	0.2	4.118989e-32	9	Ccl-5325
Ccl-3591	4.133081e-36	0.7129583	0.686	0.382	8.009497e-32	9	Ccl-3591
Ccl-330	6.864723e-36	0.6306059	0.485	0.198	1.330315e-31	9	Ccl-330
Ccl-4944	1.564701e-35	0.6628943	0.803	0.48	3.032234e-31	9	Ccl-4944
Ccl-3605	1.802003e-34	0.6566106	0.785	0.485	3.492102e-30	9	Ccl-3605
Ccl-5341	1.13817e-33	0.552697	0.471	0.192	2.20566e-29	9	Ccl-5341
Ccl-22658	1.681109e-33	0.5132671	0.518	0.225	3.257822e-29	9	Ccl-22658
Ccl-10497	2.147902e-33	0.5886549	0.606	0.285	4.16242e-29	9	Ccl-10497
Ccl-4630	3.234171e-32	0.5072658	0.464	0.186	6.267499e-28	9	Ccl-4630
Ccl-12703	2.603045e-31	0.5527716	0.515	0.226	5.044441e-27	9	Ccl-12703
Ccl-21	4.304371e-30	0.559317	0.5	0.228	8.34144e-26	9	Ccl-21
Ccl-10469	1.054899e-29	0.6631093	0.726	0.482	2.044288e-25	9	Ccl-10469
Ccl-11762	3.495983e-29	0.6029644	0.737	0.461	6.774865e-25	9	Ccl-11762
Ccl-19939	3.896365e-29	0.5050985	0.434	0.181	7.550765e-25	9	Ccl-19939
Ccl-21152	1.066409e-28	0.5916061	0.672	0.381	2.066595e-24	9	Ccl-21152
Ccl-13874	1.338268e-28	0.6593832	0.639	0.366	2.59343e-24	9	Ccl-13874
Ccl-15910	2.095544e-28	0.6515226	0.668	0.396	4.060955e-24	9	Ccl-15910
Ccl-11202	6.912626e-28	0.5110167	0.628	0.329	1.339598e-23	9	Ccl-11202
Ccl-11065	1.465637e-27	0.5898113	0.741	0.473	2.840258e-23	9	Ccl-11065
Ccl-5229	2.276357e-27	0.5477771	0.485	0.23	4.411351e-23	9	Ccl-5229
Ccl-3702	4.046233e-27	0.6643046	0.704	0.45	7.841196e-23	9	Ccl-3702
Ccl-6747	5.066667e-26	0.5364324	0.58	0.31	9.818694e-22	9	Ccl-6747
Ccl-15225	2.433332e-25	0.5016471	0.588	0.325	4.715554e-21	9	Ccl-15225
Ccl-1010	8.757707e-25	0.581601	0.65	0.412	1.697156e-20	9	Ccl-1010
Ccl-6389	9.147419e-25	0.6548069	0.916	0.833	1.772678e-20	9	Ccl-6389
Ccl-6728	1.171679e-24	0.5064714	0.529	0.272	2.270597e-20	9	Ccl-6728
Ccl-8255	9.024745e-24	0.503766	0.599	0.341	1.748905e-19	9	Ccl-8255
Ccl-780	6.113397e-22	0.5157341	0.478	0.24	1.184715e-17	9	Ccl-780
Ccl-11184	1.576883e-21	0.5236982	0.708	0.482	3.055842e-17	9	Ccl-11184
Ccl-4499	0	2.137454	0.947	0.17	0	10	Ccl-4499
Ccl-7036	0	2.098783	0.901	0.145	0	10	Ccl-7036
Ccl-4272	0	1.772852	0.915	0.135	0	10	Ccl-4272
Ccl-7661	0	1.35098	0.795	0.098	0	10	Ccl-7661
Ccl-6720	0	0.8488976	0.547	0.039	0	10	Ccl-6720
Ccl-4503	9.398664e-289	1.110169	0.731	0.096	1.821367e-284	10	Ccl-4503
Ccl-11662	3.932203e-270	2.662008	0.985	0.288	7.620216e-266	10	Ccl-11662
Ccl-13524	9.768266e-270	0.9859618	0.693	0.091	1.892992e-265	10	Ccl-13524
Ccl-324	1.616813e-264	1.606223	0.924	0.202	3.133223e-260	10	Ccl-324
Ccl-6721	2.053452e-263	1.602054	0.883	0.18	3.979384e-259	10	Ccl-6721
Ccl-7512	3.616824e-259	1.815827	0.962	0.251	7.009044e-255	10	Ccl-7512
Ccl-17029	1.767493e-251	1.917521	0.953	0.266	3.425225e-247	10	Ccl-17029
Ccl-4648	9.236117e-244	1.077287	0.702	0.107	1.789867e-239	10	Ccl-4648
Ccl-3308	1.946364e-243	1.581654	0.909	0.222	3.771859e-239	10	Ccl-3308
Ccl-7511	4.599409e-242	1.400977	0.825	0.163	8.913195e-238	10	Ccl-7511
Ccl-9613	1.363765e-238	2.405304	0.883	0.23	2.642841e-234	10	Ccl-9613
Ccl-3171	2.526302e-237	1.44175	0.836	0.171	4.89572e-233	10	Ccl-3171
Ccl-7415	3.982167e-237	1.240629	0.848	0.168	7.717041e-233	10	Ccl-7415
Ccl-3513	7.542153e-234	0.8026409	0.52	0.056	1.461594e-229	10	Ccl-3513
Ccl-11661	1.377545e-227	0.8766053	0.664	0.098	2.669544e-223	10	Ccl-11661
Ccl-2990	1.047119e-221	1.802754	0.93	0.258	2.029211e-217	10	Ccl-2990
Ccl-1773	6.646494e-221	1.739981	0.965	0.281	1.288024e-216	10	Ccl-1773
Ccl-10194	1.102046e-205	1.428469	0.895	0.252	2.135655e-201	10	Ccl-10194
Ccl-10136	1.277512e-199	1.425008	0.889	0.241	2.47569e-195	10	Ccl-10136
Ccl-2466	8.939532e-196	0.7392324	0.564	0.079	1.732392e-191	10	Ccl-2466
Ccl-11513	3.810992e-195	1.510289	0.801	0.184	7.385322e-191	10	Ccl-11513
Ccl-8859	1.56805e-188	1.245004	0.842	0.212	3.038724e-184	10	Ccl-8859
Ccl-4273	3.182825e-187	0.8246178	0.591	0.092	6.167997e-183	10	Ccl-4273
Ccl-1772	3.287341e-185	1.768678	0.988	0.392	6.370539e-181	10	Ccl-1772
Ccl-3841	1.393469e-178	1.695965	0.997	0.375	2.700404e-174	10	Ccl-3841
Ccl-12696	2.461563e-176	0.739301	0.485	0.064	4.770263e-172	10	Ccl-12696
Ccl-20445	2.843523e-175	1.094245	0.822	0.198	5.510464e-171	10	Ccl-20445
Ccl-11374	1.170649e-173	0.688772	0.477	0.063	2.268602e-169	10	Ccl-11374
Ccl-10402	2.974161e-170	0.7510954	0.558	0.09	5.763627e-166	10	Ccl-10402
Ccl-19	5.505857e-167	0.9124642	0.655	0.13	1.06698e-162	10	Ccl-19
Ccl-15237	2.00468e-166	1.190503	0.711	0.162	3.884869e-162	10	Ccl-15237
Ccl-511	3.051441e-163	0.8296762	0.605	0.113	5.913387e-159	10	Ccl-511
Ccl-14298	2.830383e-158	1.736018	1	0.444	5.484998e-154	10	Ccl-14298
Ccl-17232	1.623942e-156	0.6822048	0.424	0.055	3.147037e-152	10	Ccl-17232
Ccl-12703	2.858105e-156	1.117786	0.792	0.213	5.538722e-152	10	Ccl-12703
Ccl-14292	1.171951e-155	0.9196263	0.769	0.171	2.271124e-151	10	Ccl-14292
Ccl-11437	7.373232e-154	0.9453119	0.746	0.164	1.428859e-149	10	Ccl-11437
Ccl-12695	2.156503e-153	0.8012169	0.57	0.105	4.179087e-149	10	Ccl-12695
Ccl-9181	9.721163e-153	1.358191	0.839	0.256	1.883864e-148	10	Ccl-9181
Ccl-12991	2.640243e-152	1.409245	0.942	0.401	5.116527e-148	10	Ccl-12991
Ccl-5966	2.979169e-152	1.811101	0.982	0.521	5.773331e-148	10	Ccl-5966
Ccl-9913	4.468129e-152	1.187345	0.865	0.28	8.658787e-148	10	Ccl-9913
Ccl-3794	1.172581e-150	0.7075193	0.515	0.086	2.272344e-146	10	Ccl-3794
Ccl-7849	2.6213e-149	1.30482	0.865	0.312	5.079817e-145	10	Ccl-7849
Ccl-3262	1.45936e-145	0.8276604	0.661	0.148	2.828094e-141	10	Ccl-3262
Ccl-15559	4.584052e-145	1.336923	0.944	0.351	8.883434e-141	10	Ccl-15559
Ccl-9848	6.221637e-145	0.76211	0.596	0.119	1.205691e-140	10	Ccl-9848
Ccl-5515	6.723231e-145	1.445438	0.912	0.35	1.302895e-140	10	Ccl-5515
Ccl-13810	1.029488e-142	1.259007	0.86	0.292	1.995046e-138	10	Ccl-13810
Ccl-6227	1.312873e-142	0.8826524	0.602	0.126	2.544217e-138	10	Ccl-6227
Ccl-13024	5.11186e-138	0.9900561	0.754	0.219	9.906274e-134	10	Ccl-13024
Ccl-17485	5.23222e-138	1.243239	0.889	0.313	1.013952e-133	10	Ccl-17485
Ccl-12537	8.536712e-138	0.9953366	0.81	0.244	1.654329e-133	10	Ccl-12537
Ccl-5867	1.470401e-136	0.8062233	0.626	0.143	2.849489e-132	10	Ccl-5867
Ccl-17497	7.419749e-136	0.9136604	0.711	0.178	1.437873e-131	10	Ccl-17497
Ccl-14294	1.269648e-135	1.53317	0.994	0.512	2.46045e-131	10	Ccl-14294
Ccl-14291	8.247686e-135	0.8635884	0.64	0.138	1.598319e-130	10	Ccl-14291
Ccl-2261	2.183132e-133	1.174665	0.807	0.263	4.230691e-129	10	Ccl-2261
Ccl-584	1.291002e-132	0.7392926	0.582	0.122	2.501833e-128	10	Ccl-584
Ccl-889	1.681481e-130	0.5861751	0.491	0.087	3.258542e-126	10	Ccl-889
Ccl-9917	1.012604e-129	1.279291	0.901	0.433	1.962325e-125	10	Ccl-9917
Ccl-10343	1.810065e-129	0.5407841	0.439	0.069	3.507725e-125	10	Ccl-10343
Ccl-534	3.833923e-129	1.239903	0.904	0.388	7.42976e-125	10	Ccl-534
Ccl-863	6.597083e-129	0.6327885	0.512	0.096	1.278449e-124	10	Ccl-863
Ccl-17895	1.026467e-128	1.052031	0.819	0.248	1.989191e-124	10	Ccl-17895
Ccl-2186	1.979509e-127	1.089308	0.833	0.293	3.836091e-123	10	Ccl-2186
Ccl-7646	4.817433e-126	0.7352075	0.5	0.096	9.335704e-122	10	Ccl-7646
Ccl-3170	9.639121e-125	0.9249083	0.664	0.176	1.867965e-120	10	Ccl-3170
Ccl-6607	5.215358e-122	0.6308114	0.515	0.103	1.010684e-117	10	Ccl-6607
Ccl-60	5.853692e-122	0.7764406	0.629	0.157	1.134387e-117	10	Ccl-60
Ccl-13090	1.688991e-121	1.29186	0.865	0.352	3.273097e-117	10	Ccl-13090
Ccl-8953	9.44831e-118	0.6061339	0.497	0.098	1.830988e-113	10	Ccl-8953
Ccl-16534	1.395852e-117	0.8446647	0.699	0.193	2.705022e-113	10	Ccl-16534
Ccl-12205	2.140202e-117	1.38923	0.997	0.615	4.147498e-113	10	Ccl-12205
Ccl-19258	7.454312e-116	0.6455531	0.57	0.13	1.444571e-111	10	Ccl-19258
Ccl-412	1.555932e-115	0.770315	0.635	0.166	3.01524e-111	10	Ccl-412
Ccl-15275	1.650505e-114	1.182209	0.968	0.465	3.198514e-110	10	Ccl-15275
Ccl-2526	7.197621e-114	1.053651	0.845	0.34	1.394827e-109	10	Ccl-2526
Ccl-16487	9.205992e-114	1.043377	0.804	0.283	1.784029e-109	10	Ccl-16487
Ccl-11332	1.54094e-113	0.806562	0.664	0.18	2.986188e-109	10	Ccl-11332
Ccl-11846	1.067047e-112	0.5200821	0.404	0.066	2.067831e-108	10	Ccl-11846
Ccl-7744	2.592259e-110	0.9062864	0.705	0.218	5.023538e-106	10	Ccl-7744
Ccl-13873	1.738516e-109	0.7495577	0.684	0.199	3.369069e-105	10	Ccl-13873
Ccl-8991	2.854434e-108	1.135499	0.971	0.6	5.531608e-104	10	Ccl-8991
Ccl-14389	1.113458e-104	1.418903	0.69	0.252	2.15777e-100	10	Ccl-14389
Ccl-2490	1.029497e-103	0.9220964	0.822	0.311	1.995063e-99	10	Ccl-2490
Ccl-15203	3.072094e-102	0.9950268	0.708	0.234	5.95341e-98	10	Ccl-15203
Ccl-2523	4.176648e-102	0.8057588	0.719	0.231	8.093927e-98	10	Ccl-2523
Ccl-4020	1.417919e-100	0.9536121	0.749	0.269	2.747786e-96	10	Ccl-4020
Ccl-16579	1.095346e-99	0.9097212	0.816	0.323	2.12267e-95	10	Ccl-16579
Ccl-16252	3.802402e-99	0.6378156	0.509	0.119	7.368674e-95	10	Ccl-16252
Ccl-952	4.239113e-99	0.901876	0.789	0.281	8.214976e-95	10	Ccl-952
Ccl-21744	3.86817e-98	0.5633068	0.509	0.115	7.496128e-94	10	Ccl-21744
Ccl-1180	1.545529e-97	0.8899032	0.88	0.321	2.995081e-93	10	Ccl-1180
Ccl-12415	4.887566e-97	0.9235792	0.839	0.322	9.471615e-93	10	Ccl-12415
Ccl-8835	1.024415e-96	0.5842268	0.482	0.109	1.985213e-92	10	Ccl-8835
Ccl-6389	1.724661e-96	1.072965	0.982	0.829	3.34222e-92	10	Ccl-6389
Ccl-4021	7.19959e-96	0.7224129	0.582	0.163	1.395209e-91	10	Ccl-4021
Ccl-3763	1.083441e-95	0.7480887	0.693	0.227	2.099601e-91	10	Ccl-3763
Ccl-4587	1.929473e-95	0.787354	0.713	0.244	3.739126e-91	10	Ccl-4587
Ccl-10074	4.212033e-95	0.5649969	0.485	0.111	8.162498e-91	10	Ccl-10074
Ccl-2183	1.073435e-93	0.5727554	0.477	0.109	2.080209e-89	10	Ccl-2183
Ccl-12733	1.712079e-92	0.6762382	0.594	0.167	3.317838e-88	10	Ccl-12733
Ccl-16301	1.075518e-91	1.139457	0.921	0.427	2.084246e-87	10	Ccl-16301
Ccl-7957	1.775662e-90	0.8067317	0.734	0.267	3.441056e-86	10	Ccl-7957
Ccl-15310	3.602325e-90	1.006648	0.985	0.619	6.980946e-86	10	Ccl-15310
Ccl-2685	4.340576e-90	0.5519322	0.43	0.093	8.411601e-86	10	Ccl-2685
Ccl-16494	2.318427e-87	0.7795395	0.737	0.262	4.49288e-83	10	Ccl-16494
Ccl-3674	1.56017e-86	0.6312933	0.556	0.157	3.023454e-82	10	Ccl-3674
Ccl-10992	2.105797e-86	0.7528619	0.687	0.248	4.080824e-82	10	Ccl-10992
Ccl-10306	8.627818e-85	0.7993538	0.789	0.337	1.671985e-80	10	Ccl-10306
Ccl-9021	1.715315e-84	1.002884	0.886	0.473	3.32411e-80	10	Ccl-9021
Ccl-4667	3.679442e-84	0.5215672	0.45	0.106	7.130391e-80	10	Ccl-4667
Ccl-8856	5.084332e-82	0.6409285	0.746	0.253	9.852928e-78	10	Ccl-8856
Ccl-9088	6.240138e-82	0.7093542	0.754	0.296	1.209276e-77	10	Ccl-9088
Ccl-15536	3.558054e-78	0.864581	0.863	0.386	6.895152e-74	10	Ccl-15536
Ccl-5862	3.632331e-78	0.6971752	0.62	0.212	7.039094e-74	10	Ccl-5862
Ccl-3851	4.336894e-78	0.5206214	0.48	0.126	8.404467e-74	10	Ccl-3851
Ccl-1923	1.167166e-76	0.6099329	0.547	0.161	2.261852e-72	10	Ccl-1923
Ccl-2478	8.869551e-76	0.9660524	0.667	0.249	1.71883e-71	10	Ccl-2478
Ccl-3277	1.951268e-75	0.9083062	0.804	0.366	3.781363e-71	10	Ccl-3277
Ccl-22390	7.663074e-75	0.5715307	0.468	0.125	1.485027e-70	10	Ccl-22390
Ccl-10092	1.58674e-74	0.5822105	0.576	0.184	3.074943e-70	10	Ccl-10092
Ccl-16906	3.803408e-74	0.6067351	0.532	0.159	7.370624e-70	10	Ccl-16906
Ccl-5156	1.098725e-73	0.5781587	0.395	0.092	2.12922e-69	10	Ccl-5156
Ccl-90	1.877223e-73	0.604156	0.588	0.191	3.63787e-69	10	Ccl-90
Ccl-12150	2.752782e-72	0.6007823	0.731	0.265	5.334617e-68	10	Ccl-12150
Ccl-12941	6.885545e-70	0.6232038	0.675	0.237	1.33435e-65	10	Ccl-12941
Ccl-4868	3.466775e-69	0.5872474	0.594	0.204	6.718263e-65	10	Ccl-4868
Ccl-2328	1.325602e-68	0.5203403	0.43	0.114	2.568885e-64	10	Ccl-2328
Ccl-18694	2.43249e-68	0.7892358	0.787	0.37	4.713921e-64	10	Ccl-18694
Ccl-6657	5.003862e-67	0.5461014	0.529	0.17	9.696984e-63	10	Ccl-6657
Ccl-8184	7.760501e-67	0.563359	0.497	0.153	1.503907e-62	10	Ccl-8184
Ccl-16798	2.138766e-65	0.5881489	0.558	0.193	4.144715e-61	10	Ccl-16798
Ccl-1017	9.362929e-65	0.5876222	0.576	0.203	1.814442e-60	10	Ccl-1017
Ccl-1013	2.290196e-62	0.6438968	0.617	0.236	4.43817e-58	10	Ccl-1013
Ccl-8879	4.51937e-61	0.665534	0.792	0.39	8.758087e-57	10	Ccl-8879
Ccl-502	9.939542e-61	0.7591957	0.968	0.853	1.926184e-56	10	Ccl-502
Ccl-11794	1.120624e-60	0.6206172	0.532	0.184	2.171658e-56	10	Ccl-11794
Ccl-10022	2.159483e-59	0.5409636	0.497	0.161	4.184863e-55	10	Ccl-10022
Ccl-1778	1.254718e-58	0.6175601	0.76	0.321	2.431518e-54	10	Ccl-1778
Ccl-10214	1.566112e-58	0.7611046	0.681	0.299	3.034968e-54	10	Ccl-10214
Ccl-12182	3.886174e-58	0.5282383	0.538	0.194	7.531016e-54	10	Ccl-12182
Ccl-2283	1.793054e-57	0.6595862	0.971	0.85	3.474759e-53	10	Ccl-2283
Ccl-17186	7.530273e-57	0.5935152	0.599	0.237	1.459292e-52	10	Ccl-17186
Ccl-10353	9.64661e-57	0.6726114	0.693	0.313	1.869417e-52	10	Ccl-10353
Ccl-11640	2.164093e-56	0.7126803	0.76	0.407	4.193796e-52	10	Ccl-11640
Ccl-3800	8.93095e-56	0.5071804	0.491	0.164	1.730729e-51	10	Ccl-3800
Ccl-3707	7.020965e-55	0.5055516	0.418	0.127	1.360593e-50	10	Ccl-3707
Ccl-8147	1.220277e-54	0.5715297	0.658	0.286	2.364776e-50	10	Ccl-8147
Ccl-15225	1.346662e-54	0.632871	0.693	0.319	2.609696e-50	10	Ccl-15225
Ccl-11065	1.779277e-54	0.678303	0.836	0.467	3.448061e-50	10	Ccl-11065
Ccl-11522	4.026511e-53	0.6570249	0.661	0.292	7.802976e-49	10	Ccl-11522
Ccl-995	1.723042e-52	0.5058011	0.544	0.206	3.339084e-48	10	Ccl-995
Ccl-9973	1.008119e-51	0.5066648	0.623	0.257	1.953634e-47	10	Ccl-9973
Ccl-9816	1.920194e-49	0.552164	0.713	0.338	3.721145e-45	10	Ccl-9816
Ccl-17736	3.03803e-49	0.602017	0.716	0.362	5.887398e-45	10	Ccl-17736
Ccl-717	3.480453e-48	0.5008059	0.512	0.195	6.74477e-44	10	Ccl-717
Ccl-12167	7.832615e-48	0.5039795	0.518	0.202	1.517882e-43	10	Ccl-12167
Ccl-6175	1.722855e-47	0.5054784	0.535	0.21	3.33872e-43	10	Ccl-6175
Ccl-8298	3.769576e-47	0.5996201	0.719	0.364	7.305062e-43	10	Ccl-8298
Ccl-13875	4.20007e-47	0.5453191	0.725	0.352	8.139316e-43	10	Ccl-13875
Ccl-3270	2.011668e-45	0.5792713	0.637	0.286	3.898411e-41	10	Ccl-3270
Ccl-2391	6.627128e-45	0.5411621	0.523	0.217	1.284271e-40	10	Ccl-2391
Ccl-11900	3.452881e-40	0.5088785	0.658	0.328	6.691339e-36	10	Ccl-11900
Ccl-747	3.598432e-39	0.644041	0.754	0.483	6.973402e-35	10	Ccl-747
Ccl-4328	5.10426e-39	0.5514274	0.482	0.199	9.891545e-35	10	Ccl-4328
Ccl-2736	2.807745e-38	0.5192281	0.705	0.368	5.441129e-34	10	Ccl-2736
Ccl-21637	1.163772e-37	0.5340278	0.62	0.311	2.255273e-33	10	Ccl-21637
Ccl-983	3.279551e-37	0.5297194	0.953	0.754	6.355443e-33	10	Ccl-983
Ccl-14719	3.518271e-37	0.5140544	0.877	0.597	6.818058e-33	10	Ccl-14719
Ccl-2491	2.045273e-36	0.5358965	0.944	0.72	3.963534e-32	10	Ccl-2491
Ccl-1889	7.661404e-36	0.5136605	0.722	0.397	1.484704e-31	10	Ccl-1889
Ccl-7595	2.088658e-35	0.5728707	0.547	0.258	4.047611e-31	10	Ccl-7595
Ccl-15337	3.357428e-35	0.5390886	0.439	0.182	6.50636e-31	10	Ccl-15337
Ccl-22420	4.795114e-34	0.5295915	0.673	0.363	9.292451e-30	10	Ccl-22420
Ccl-219	1.791255e-29	0.5331102	0.775	0.506	3.471272e-25	10	Ccl-219
Ccl-23139	5.961804e-188	1.452089	0.627	0.148	1.155338e-183	11	Ccl-23139
Ccl-952	2.846072e-144	1.044613	0.743	0.272	5.515402e-140	11	Ccl-952
Ccl-13898	9.552089e-138	0.9609169	0.862	0.305	1.851099e-133	11	Ccl-13898
Ccl-7819	2.138734e-134	1.111758	0.813	0.328	4.144652e-130	11	Ccl-7819
Ccl-5484	4.387836e-132	0.8346763	0.744	0.244	8.503187e-128	11	Ccl-5484
Ccl-3314	1.422784e-131	0.6244452	0.513	0.126	2.757213e-127	11	Ccl-3314
Ccl-11206	1.862025e-130	1.10949	0.231	0.026	3.608418e-126	11	Ccl-11206
Ccl-2381	5.333616e-130	0.8158065	0.698	0.215	1.033601e-125	11	Ccl-2381
Ccl-14313	5.426884e-130	0.6999433	0.522	0.13	1.051676e-125	11	Ccl-14313
Ccl-1772	1.679678e-129	1.310194	0.825	0.389	3.255048e-125	11	Ccl-1772
Ccl-7512	9.442042e-129	1.032088	0.687	0.252	1.829773e-124	11	Ccl-7512
Ccl-16210	5.735037e-127	0.9004748	0.757	0.265	1.111393e-122	11	Ccl-16210
Ccl-1101	1.837652e-126	1.054505	0.901	0.423	3.561186e-122	11	Ccl-1101
Ccl-2261	4.626941e-123	0.8935675	0.705	0.257	8.96655e-119	11	Ccl-2261
Ccl-19773	2.408644e-122	0.6049423	0.3	0.048	4.667711e-118	11	Ccl-19773
Ccl-10339	5.349519e-118	0.9433807	0.75	0.285	1.036683e-113	11	Ccl-10339
Ccl-10446	2.223918e-116	0.8369484	0.789	0.304	4.309731e-112	11	Ccl-10446
Ccl-4261	1.442739e-115	0.7734596	0.58	0.18	2.795884e-111	11	Ccl-4261
Ccl-10468	3.194863e-115	0.7966561	0.8	0.299	6.191325e-111	11	Ccl-10468
Ccl-11047	1.132396e-114	0.9159747	0.709	0.264	2.19447e-110	11	Ccl-11047
Ccl-11513	1.649945e-113	1.326048	0.562	0.185	3.197428e-109	11	Ccl-11513
Ccl-4197	6.635997e-111	0.7268542	0.733	0.265	1.28599e-106	11	Ccl-4197
Ccl-18571	1.293401e-102	0.6622574	0.651	0.223	2.506481e-98	11	Ccl-18571
Ccl-15310	4.006119e-100	1.121999	0.916	0.615	7.763457e-96	11	Ccl-15310
Ccl-4165	2.118773e-98	0.5670579	0.354	0.081	4.10597e-94	11	Ccl-4165
Ccl-1733	2.243476e-95	0.565067	0.666	0.232	4.347632e-91	11	Ccl-1733
Ccl-7661	2.329271e-94	0.5597517	0.409	0.107	4.513895e-90	11	Ccl-7661
Ccl-23000	4.802152e-94	0.6385993	0.313	0.067	9.30609e-90	11	Ccl-23000
Ccl-12206	6.31748e-94	0.8152037	0.59	0.222	1.224264e-89	11	Ccl-12206
Ccl-534	5.089393e-93	0.7976043	0.782	0.384	9.862736e-89	11	Ccl-534
Ccl-12706	6.275028e-92	0.6867536	0.565	0.199	1.216038e-87	11	Ccl-12706
Ccl-13090	1.020409e-88	0.7931157	0.752	0.347	1.977451e-84	11	Ccl-13090
Ccl-3398	1.203592e-85	0.8120635	0.894	0.535	2.332442e-81	11	Ccl-3398
Ccl-13876	2.065777e-84	0.5493606	0.571	0.195	4.00327e-80	11	Ccl-13876
Ccl-10376	5.907485e-84	0.5662153	0.168	0.021	1.144812e-79	11	Ccl-10376
Ccl-10194	4.44515e-83	0.7388687	0.612	0.255	8.614256e-79	11	Ccl-10194
Ccl-13451	1.138363e-82	0.5248486	0.668	0.243	2.206034e-78	11	Ccl-13451
Ccl-13456	1.040721e-81	0.591159	0.584	0.212	2.016813e-77	11	Ccl-13456
Ccl-1831	1.467607e-81	0.6218294	0.183	0.026	2.844076e-77	11	Ccl-1831
Ccl-15854	2.074906e-81	0.7102213	0.575	0.211	4.02096e-77	11	Ccl-15854
Ccl-7036	4.651797e-81	0.7584221	0.466	0.156	9.014718e-77	11	Ccl-7036
Ccl-5332	3.541421e-80	0.6993903	0.524	0.193	6.86292e-76	11	Ccl-5332
Ccl-10136	8.352576e-80	0.7331082	0.593	0.245	1.618646e-75	11	Ccl-10136
Ccl-5515	1.455837e-79	0.7802464	0.72	0.349	2.821266e-75	11	Ccl-5515
Ccl-12537	4.491916e-79	0.7050208	0.597	0.245	8.704884e-75	11	Ccl-12537
Ccl-8837	5.518306e-79	1.096598	0.308	0.077	1.069393e-74	11	Ccl-8837
Ccl-3308	2.478093e-78	0.6621039	0.573	0.228	4.802295e-74	11	Ccl-3308
Ccl-14340	6.591067e-78	0.5856989	0.81	0.393	1.277283e-73	11	Ccl-14340
Ccl-15536	1.736911e-76	0.9754788	0.737	0.383	3.365959e-72	11	Ccl-15536
Ccl-8178	1.896993e-76	0.5060244	0.545	0.194	3.676182e-72	11	Ccl-8178
Ccl-12205	6.816345e-76	0.8809941	0.92	0.611	1.320939e-71	11	Ccl-12205
Ccl-7511	6.895794e-75	0.5665457	0.485	0.169	1.336336e-70	11	Ccl-7511
Ccl-19571	1.142301e-74	0.8635933	0.769	0.412	2.213666e-70	11	Ccl-19571
Ccl-2490	2.116531e-74	0.6198676	0.67	0.309	4.101626e-70	11	Ccl-2490
Ccl-15237	4.60357e-73	0.6321971	0.468	0.165	8.921259e-69	11	Ccl-15237
Ccl-12703	1.565844e-72	0.6947763	0.545	0.215	3.034449e-68	11	Ccl-12703
Ccl-941	2.901705e-72	0.6270931	0.401	0.129	5.623214e-68	11	Ccl-941
Ccl-1552	8.145063e-71	0.557878	0.618	0.254	1.578432e-66	11	Ccl-1552
Ccl-2392	1.542999e-70	0.6787735	0.795	0.425	2.990177e-66	11	Ccl-2392
Ccl-8836	2.457291e-70	0.6542716	0.438	0.152	4.761985e-66	11	Ccl-8836
Ccl-3171	2.617452e-70	0.7039327	0.476	0.178	5.072361e-66	11	Ccl-3171
Ccl-13873	4.179356e-70	0.5587306	0.511	0.199	8.099174e-66	11	Ccl-13873
Ccl-12150	1.061373e-69	0.9165642	0.586	0.263	2.056834e-65	11	Ccl-12150
Ccl-17029	1.366372e-69	0.8290731	0.604	0.273	2.647891e-65	11	Ccl-17029
Ccl-15275	2.884887e-69	0.7087681	0.866	0.46	5.590622e-65	11	Ccl-15275
Ccl-12734	1.128871e-68	0.5893184	0.429	0.149	2.187639e-64	11	Ccl-12734
Ccl-16488	2.539595e-68	0.5507137	0.524	0.198	4.921482e-64	11	Ccl-16488
Ccl-13810	2.665756e-68	0.6353354	0.644	0.293	5.165969e-64	11	Ccl-13810
Ccl-9891	2.093729e-67	0.7015458	0.836	0.471	4.057438e-63	11	Ccl-9891
Ccl-9913	2.799351e-65	0.6580356	0.608	0.283	5.424862e-61	11	Ccl-9913
Ccl-1180	7.370709e-65	0.5931169	0.69	0.32	1.42837e-60	11	Ccl-1180
Ccl-11900	8.167203e-65	1.028443	0.631	0.322	1.582722e-60	11	Ccl-11900
Ccl-15559	2.680407e-64	0.8099669	0.698	0.353	5.194361e-60	11	Ccl-15559
Ccl-912	4.146049e-62	0.5663181	0.519	0.218	8.034628e-58	11	Ccl-912
Ccl-14550	1.733014e-61	0.9746089	0.468	0.195	3.358408e-57	11	Ccl-14550
Ccl-6910	1.487352e-60	0.5644541	0.424	0.156	2.88234e-56	11	Ccl-6910
Ccl-17485	1.749599e-59	0.6591008	0.651	0.315	3.390548e-55	11	Ccl-17485
Ccl-12415	2.044685e-59	0.6790289	0.651	0.322	3.962395e-55	11	Ccl-12415
Ccl-16698	3.641629e-59	0.6685889	0.442	0.17	7.057113e-55	11	Ccl-16698
Ccl-1080	6.29958e-59	0.5388822	0.616	0.283	1.220796e-54	11	Ccl-1080
Ccl-4071	6.637489e-58	0.5316455	0.618	0.294	1.286279e-53	11	Ccl-4071
Ccl-7849	1.772731e-57	0.5344343	0.634	0.314	3.435375e-53	11	Ccl-7849
Ccl-14321	1.849265e-54	0.5400108	0.509	0.227	3.583691e-50	11	Ccl-14321
Ccl-9021	5.093474e-54	0.5646714	0.785	0.47	9.870644e-50	11	Ccl-9021
Ccl-14551	8.131388e-53	0.6029991	0.722	0.445	1.575782e-48	11	Ccl-14551
Ccl-6318	2.547521e-51	0.575402	0.211	0.053	4.936841e-47	11	Ccl-6318
Ccl-3641	2.265913e-50	0.5899148	0.683	0.367	4.391113e-46	11	Ccl-3641
Ccl-6022	9.581393e-48	0.5468316	0.241	0.07	1.856778e-43	11	Ccl-6022
Ccl-12544	2.288359e-44	0.5102275	0.276	0.093	4.434612e-40	11	Ccl-12544
Ccl-12941	2.827046e-44	0.5817502	0.502	0.238	5.478532e-40	11	Ccl-12941
Ccl-4266	1.331459e-42	0.5058772	0.565	0.303	2.580235e-38	11	Ccl-4266
Ccl-13875	9.362471e-39	0.5208397	0.61	0.351	1.814353e-34	11	Ccl-13875
Ccl-7794	2.208196e-29	0.5445615	0.597	0.388	4.279263e-25	11	Ccl-7794
Ccl-3807	6.071504e-20	0.5539441	0.216	0.1	1.176597e-15	11	Ccl-3807
Ccl-13631	3.93644e-19	1.014132	0.429	0.281	7.628427e-15	11	Ccl-13631
Ccl-5583	6.110939e-15	0.8306339	0.784	0.619	1.184239e-10	11	Ccl-5583
Ccl-13898	0	3.421494	0.987	0.211	0	12	Ccl-13898
Ccl-1101	0	3.297912	0.994	0.345	0	12	Ccl-1101
Ccl-10468	0	3.150729	0.961	0.206	0	12	Ccl-10468
Ccl-3398	0	2.748891	0.988	0.471	0	12	Ccl-3398
Ccl-13451	0	2.571432	0.939	0.137	0	12	Ccl-13451
Ccl-7819	0	2.155476	0.95	0.241	0	12	Ccl-7819
Ccl-14340	0	2.147533	0.95	0.313	0	12	Ccl-14340
Ccl-9891	0	2.114264	0.976	0.398	0	12	Ccl-9891
Ccl-12639	0	2.111858	0.898	0.396	0	12	Ccl-12639
Ccl-10446	0	2.074687	0.952	0.211	0	12	Ccl-10446
Ccl-16210	0	2.014937	0.927	0.171	0	12	Ccl-16210
Ccl-10339	0	1.89668	0.899	0.198	0	12	Ccl-10339
Ccl-15310	0	1.887497	0.976	0.566	0	12	Ccl-15310
Ccl-5484	0	1.882505	0.914	0.149	0	12	Ccl-5484
Ccl-18609	0	1.866842	0.882	0.351	0	12	Ccl-18609
Ccl-2381	0	1.860491	0.86	0.123	0	12	Ccl-2381
Ccl-3821	0	1.812164	0.78	0.12	0	12	Ccl-3821
Ccl-19571	0	1.810513	0.933	0.336	0	12	Ccl-19571
Ccl-1733	0	1.772853	0.876	0.137	0	12	Ccl-1733
Ccl-4197	0	1.679537	0.88	0.178	0	12	Ccl-4197
Ccl-18571	0	1.675314	0.861	0.129	0	12	Ccl-18571
Ccl-10864	0	1.624948	0.648	0.08	0	12	Ccl-10864
Ccl-12205	0	1.595453	0.988	0.559	0	12	Ccl-12205
Ccl-13456	0	1.588591	0.799	0.124	0	12	Ccl-13456
Ccl-16488	0	1.563251	0.719	0.119	0	12	Ccl-16488
Ccl-11047	0	1.543463	0.829	0.186	0	12	Ccl-11047
Ccl-15854	0	1.489081	0.811	0.12	0	12	Ccl-15854
Ccl-13876	0	1.424971	0.79	0.106	0	12	Ccl-13876
Ccl-16867	0	1.40066	0.788	0.258	0	12	Ccl-16867
Ccl-10418	0	1.307467	0.772	0.128	0	12	Ccl-10418
Ccl-3632	0	1.271533	0.769	0.16	0	12	Ccl-3632
Ccl-8178	0	1.263235	0.77	0.106	0	12	Ccl-8178
Ccl-1080	0	1.24509	0.802	0.205	0	12	Ccl-1080
Ccl-1789	0	1.233887	0.723	0.129	0	12	Ccl-1789
Ccl-3559	0	1.18552	0.798	0.244	0	12	Ccl-3559
Ccl-10569	0	1.17496	0.622	0.136	0	12	Ccl-10569
Ccl-14234	0	1.106939	0.598	0.08	0	12	Ccl-14234
Ccl-8167	0	1.072276	0.74	0.173	0	12	Ccl-8167
Ccl-3641	0	1.055833	0.793	0.307	0	12	Ccl-3641
Ccl-2392	0	1.042337	0.86	0.367	0	12	Ccl-2392
Ccl-16553	0	1.03064	0.56	0.072	0	12	Ccl-16553
Ccl-1552	0	1.023711	0.738	0.185	0	12	Ccl-1552
Ccl-8101	0	1.021346	0.673	0.13	0	12	Ccl-8101
Ccl-14313	0	1.013252	0.549	0.077	0	12	Ccl-14313
Ccl-13048	0	1.010744	0.536	0.121	0	12	Ccl-13048
Ccl-12706	0	1.004759	0.672	0.132	0	12	Ccl-12706
Ccl-5515	0	0.9319661	0.821	0.284	0	12	Ccl-5515
Ccl-1772	0	0.9269143	0.894	0.321	0	12	Ccl-1772
Ccl-5514	0	0.9080251	0.591	0.093	0	12	Ccl-5514
Ccl-2261	0	0.8876331	0.691	0.204	0	12	Ccl-2261
Ccl-5193	0	0.8866211	0.567	0.054	0	12	Ccl-5193
Ccl-11143	0	0.8767591	0.581	0.072	0	12	Ccl-11143
Ccl-5397	0	0.8632185	0.557	0.093	0	12	Ccl-5397
Ccl-5018	0	0.8554233	0.484	0.056	0	12	Ccl-5018
Ccl-5729	0	0.8318108	0.478	0.033	0	12	Ccl-5729
Ccl-14248	0	0.8302913	0.574	0.137	0	12	Ccl-14248
Ccl-14089	0	0.8019611	0.43	0.054	0	12	Ccl-14089
Ccl-8174	0	0.7885051	0.546	0.127	0	12	Ccl-8174
Ccl-11567	0	0.7817008	0.479	0.063	0	12	Ccl-11567
Ccl-10492	0	0.7745526	0.578	0.145	0	12	Ccl-10492
Ccl-4261	0	0.7715916	0.567	0.134	0	12	Ccl-4261
Ccl-7850	0	0.731288	0.505	0.097	0	12	Ccl-7850
Ccl-5098	0	0.7305587	0.488	0.083	0	12	Ccl-5098
Ccl-5626	0	0.6507513	0.429	0.044	0	12	Ccl-5626
Ccl-5806	0	0.6485596	0.41	0.045	0	12	Ccl-5806
Ccl-6459	0	0.6132679	0.375	0.033	0	12	Ccl-6459
Ccl-4456	0	0.6005782	0.419	0.042	0	12	Ccl-4456
Ccl-5503	0	0.599662	0.346	0.033	0	12	Ccl-5503
Ccl-2634	0	0.5335577	0.348	0.028	0	12	Ccl-2634
Ccl-11976	0	0.5220305	0.363	0.041	0	12	Ccl-11976
Ccl-3314	7.243208e-304	0.6734776	0.468	0.087	1.403661e-299	12	Ccl-3314
Ccl-21442	2.442838e-303	0.9294715	0.72	0.276	4.733976e-299	12	Ccl-21442
Ccl-9850	9.193097e-301	0.5913162	0.416	0.067	1.78153e-296	12	Ccl-9850
Ccl-1696	7.036448e-299	1.555212	0.842	0.432	1.363593e-294	12	Ccl-1696
Ccl-14368	7.745027e-299	0.56768	0.411	0.064	1.500909e-294	12	Ccl-14368
Ccl-7824	6.261426e-294	0.6530851	0.502	0.111	1.213402e-289	12	Ccl-7824
Ccl-2257	9.436877e-294	0.5898379	0.31	0.031	1.828772e-289	12	Ccl-2257
Ccl-4905	3.676644e-283	0.5958991	0.361	0.05	7.124969e-279	12	Ccl-4905
Ccl-21621	5.18007e-283	0.5952875	0.3	0.03	1.003846e-278	12	Ccl-21621
Ccl-646	1.326183e-281	0.8635574	0.487	0.111	2.57001e-277	12	Ccl-646
Ccl-14241	5.491705e-281	0.6466176	0.465	0.095	1.064238e-276	12	Ccl-14241
Ccl-8641	1.231451e-278	0.8031148	0.647	0.216	2.386429e-274	12	Ccl-8641
Ccl-6284	3.135231e-278	0.725951	0.544	0.143	6.075765e-274	12	Ccl-6284
Ccl-3594	4.590845e-276	0.679451	0.542	0.139	8.896599e-272	12	Ccl-3594
Ccl-9516	1.408339e-273	0.5857634	0.41	0.072	2.729221e-269	12	Ccl-9516
Ccl-8292	6.631766e-273	0.6761806	0.423	0.079	1.28517e-268	12	Ccl-8292
Ccl-12206	6.104819e-272	0.8152467	0.597	0.175	1.183053e-267	12	Ccl-12206
Ccl-11049	7.150453e-270	0.6817634	0.52	0.129	1.385686e-265	12	Ccl-11049
Ccl-6258	8.359836e-268	0.9132484	0.705	0.27	1.620053e-263	12	Ccl-6258
Ccl-11168	1.489358e-261	0.5284057	0.375	0.061	2.886227e-257	12	Ccl-11168
Ccl-13810	9.561352e-258	0.7879249	0.686	0.241	1.852894e-253	12	Ccl-13810
Ccl-5808	2.414921e-257	0.5527396	0.4	0.073	4.679875e-253	12	Ccl-5808
Ccl-7379	3.887313e-253	0.5001665	0.342	0.051	7.533223e-249	12	Ccl-7379
Ccl-1778	4.329314e-249	0.7954985	0.725	0.261	8.389778e-245	12	Ccl-1778
Ccl-13209	6.540747e-249	0.7186578	0.579	0.177	1.267531e-244	12	Ccl-13209
Ccl-534	2.542865e-248	0.8201895	0.774	0.336	4.927818e-244	12	Ccl-534
Ccl-4686	2.495181e-247	0.5831003	0.461	0.106	4.835411e-243	12	Ccl-4686
Ccl-18068	7.342972e-247	0.6126673	0.451	0.103	1.422995e-242	12	Ccl-18068
Ccl-394	9.18039e-241	0.8506298	0.587	0.197	1.779068e-236	12	Ccl-394
Ccl-2545	4.745653e-237	0.7550384	0.659	0.254	9.196601e-233	12	Ccl-2545
Ccl-5026	2.64477e-235	0.5978358	0.437	0.099	5.1253e-231	12	Ccl-5026
Ccl-3153	4.20656e-235	1.103607	0.685	0.29	8.151892e-231	12	Ccl-3153
Ccl-15262	1.252723e-228	0.7665765	0.533	0.167	2.427651e-224	12	Ccl-15262
Ccl-3699	2.603672e-228	0.6147596	0.495	0.136	5.045656e-224	12	Ccl-3699
Ccl-8540	2.944818e-228	0.5157698	0.285	0.036	5.706763e-224	12	Ccl-8540
Ccl-15275	4.164364e-228	0.8734113	0.87	0.409	8.07012e-224	12	Ccl-15275
Ccl-15536	7.613353e-224	1.208013	0.731	0.34	1.475392e-219	12	Ccl-15536
Ccl-10912	4.648555e-220	0.9376306	0.513	0.153	9.008435e-216	12	Ccl-10912
Ccl-1171	6.681136e-216	0.7294658	0.662	0.269	1.294737e-211	12	Ccl-1171
Ccl-2565	2.17282e-214	0.6082307	0.536	0.169	4.210708e-210	12	Ccl-2565
Ccl-18430	8.100907e-214	0.7293959	0.335	0.062	1.569875e-209	12	Ccl-18430
Ccl-10460	5.375784e-210	0.5051671	0.388	0.086	1.041773e-205	12	Ccl-10460
Ccl-13646	8.49434e-210	0.5975139	0.443	0.115	1.646118e-205	12	Ccl-13646
Ccl-11239	1.057048e-208	0.5371025	0.472	0.125	2.048453e-204	12	Ccl-11239
Ccl-10272	2.389136e-208	0.5142296	0.384	0.084	4.629906e-204	12	Ccl-10272
Ccl-12641	1.503026e-205	1.264048	0.47	0.145	2.912715e-201	12	Ccl-12641
Ccl-2783	2.2231e-203	0.5981539	0.491	0.147	4.308146e-199	12	Ccl-2783
Ccl-15649	4.614171e-202	0.8217101	0.751	0.376	8.941801e-198	12	Ccl-15649
Ccl-15017	1.231328e-201	0.6848728	0.5	0.158	2.386191e-197	12	Ccl-15017
Ccl-13090	4.937802e-198	0.712912	0.72	0.303	9.568966e-194	12	Ccl-13090
Ccl-5332	9.535224e-198	0.9246315	0.493	0.158	1.847831e-193	12	Ccl-5332
Ccl-3690	2.273679e-197	0.5218389	0.405	0.101	4.406162e-193	12	Ccl-3690
Ccl-15519	1.353379e-196	0.8250812	0.493	0.159	2.622712e-192	12	Ccl-15519
Ccl-20149	1.265537e-192	0.6794628	0.649	0.285	2.452485e-188	12	Ccl-20149
Ccl-22637	1.366881e-190	0.6630478	0.603	0.243	2.648879e-186	12	Ccl-22637
Ccl-3606	1.222925e-188	0.6171311	0.456	0.135	2.369906e-184	12	Ccl-3606
Ccl-3895	1.448303e-188	0.5109667	0.438	0.123	2.806667e-184	12	Ccl-3895
Ccl-14280	1.92006e-188	0.5385783	0.338	0.072	3.720884e-184	12	Ccl-14280
Ccl-11318	1.188963e-183	0.5260502	0.295	0.055	2.304091e-179	12	Ccl-11318
Ccl-912	1.955007e-183	0.5868371	0.523	0.18	3.788608e-179	12	Ccl-912
Ccl-22085	1.544304e-181	0.5724921	0.503	0.171	2.992707e-177	12	Ccl-22085
Ccl-19393	8.45893e-180	0.5439126	0.451	0.138	1.639256e-175	12	Ccl-19393
Ccl-14314	8.860678e-179	0.5140223	0.341	0.077	1.717111e-174	12	Ccl-14314
Ccl-16698	9.563328e-175	0.6169327	0.444	0.136	1.853277e-170	12	Ccl-16698
Ccl-2236	1.333353e-173	0.5357908	0.532	0.193	2.583905e-169	12	Ccl-2236
Ccl-6519	1.36461e-173	0.5345914	0.44	0.135	2.644478e-169	12	Ccl-6519
Ccl-2580	3.976214e-173	0.5960701	0.472	0.153	7.705504e-169	12	Ccl-2580
Ccl-12537	1.712933e-172	0.6139426	0.558	0.209	3.319492e-168	12	Ccl-12537
Ccl-16293	2.625677e-166	0.5843898	0.382	0.108	5.088299e-162	12	Ccl-16293
Ccl-4020	1.461152e-161	0.5552456	0.586	0.229	2.831566e-157	12	Ccl-4020
Ccl-5322	2.091773e-159	0.6497012	0.635	0.296	4.053648e-155	12	Ccl-5322
Ccl-13211	2.205612e-158	0.6412194	0.702	0.366	4.274256e-154	12	Ccl-13211
Ccl-3623	5.771524e-158	0.5845302	0.569	0.228	1.118464e-153	12	Ccl-3623
Ccl-15497	1.421104e-157	0.5324676	0.399	0.12	2.753957e-153	12	Ccl-15497
Ccl-952	1.520433e-155	0.5968159	0.597	0.243	2.946447e-151	12	Ccl-952
Ccl-10984	1.129509e-154	0.6072888	0.536	0.217	2.188876e-150	12	Ccl-10984
Ccl-5653	2.178742e-150	0.5372329	0.498	0.187	4.222184e-146	12	Ccl-5653
Ccl-1905	3.896476e-149	0.5407386	0.483	0.18	7.550981e-145	12	Ccl-1905
Ccl-10440	4.928189e-149	0.7160822	0.636	0.299	9.550338e-145	12	Ccl-10440
Ccl-3635	5.402753e-144	0.7823648	0.789	0.501	1.047e-139	12	Ccl-3635
Ccl-9712	5.303131e-142	0.5177813	0.426	0.146	1.027694e-137	12	Ccl-9712
Ccl-5262	5.304492e-140	0.5002619	0.512	0.205	1.027958e-135	12	Ccl-5262
Ccl-16487	5.332787e-124	0.5024628	0.571	0.251	1.033441e-119	12	Ccl-16487
Ccl-12415	1.475643e-123	0.5998006	0.615	0.289	2.859649e-119	12	Ccl-12415
Ccl-7800	3.615154e-123	0.5847779	0.676	0.37	7.005807e-119	12	Ccl-7800
Ccl-3154	9.883845e-115	0.7005067	0.669	0.39	1.91539e-110	12	Ccl-3154
Ccl-2530	2.240943e-114	0.5180407	0.484	0.213	4.342724e-110	12	Ccl-2530
Ccl-11951	2.940731e-111	0.6140905	0.467	0.207	5.698842e-107	12	Ccl-11951
Ccl-6461	3.557495e-111	0.5452409	0.451	0.193	6.894069e-107	12	Ccl-6461
Ccl-4975	1.995802e-107	0.6048055	0.532	0.26	3.867664e-103	12	Ccl-4975
Ccl-2393	1.919491e-103	0.5047023	0.604	0.322	3.719781e-99	12	Ccl-2393
Ccl-5394	2.166936e-96	0.5236773	0.472	0.219	4.199305e-92	12	Ccl-5394
Ccl-14719	3.466473e-86	0.5562983	0.788	0.572	6.717678e-82	12	Ccl-14719
Ccl-12150	3.388001e-83	0.5997232	0.483	0.244	6.565607e-79	12	Ccl-12150
Ccl-1236	6.134692e-61	0.5468958	0.491	0.29	1.188842e-56	12	Ccl-1236
Ccl-14551	1.453393e-52	0.5746853	0.618	0.432	2.81653e-48	12	Ccl-14551
Ccl-6035	3.666821e-46	0.5487985	0.193	0.076	7.105932e-42	12	Ccl-6035
Ccl-14294	0	3.03537	0.954	0.469	0	13	Ccl-14294
Ccl-14298	0	2.776091	0.943	0.397	0	13	Ccl-14298
Ccl-3841	0	2.56459	0.941	0.321	0	13	Ccl-3841
Ccl-6146	0	2.483064	0.808	0.199	0	13	Ccl-6146
Ccl-5966	0	2.071178	0.945	0.48	0	13	Ccl-5966
Ccl-18558	0	2.020568	0.947	0.504	0	13	Ccl-18558
Ccl-13286	0	1.995122	0.914	0.439	0	13	Ccl-13286
Ccl-14292	0	1.925673	0.798	0.108	0	13	Ccl-14292
Ccl-9843	0	1.765514	0.922	0.533	0	13	Ccl-9843
Ccl-3066	0	1.728441	0.974	0.775	0	13	Ccl-3066
Ccl-15978	0	1.705794	0.807	0.219	0	13	Ccl-15978
Ccl-17895	0	1.541707	0.747	0.201	0	13	Ccl-17895
Ccl-14291	0	1.535253	0.666	0.084	0	13	Ccl-14291
Ccl-17961	0	1.436343	0.719	0.181	0	13	Ccl-17961
Ccl-20445	0	1.289787	0.71	0.153	0	13	Ccl-20445
Ccl-1773	0	1.278532	0.839	0.231	0	13	Ccl-1773
Ccl-11141	0	1.111754	0.769	0.213	0	13	Ccl-11141
Ccl-324	0	1.019377	0.671	0.166	0	13	Ccl-324
Ccl-14491	0	0.8158953	0.543	0.105	0	13	Ccl-14491
Ccl-15578	0	0.6954864	0.353	0.033	0	13	Ccl-15578
Ccl-11662	1.211455e-306	1.330378	0.769	0.25	2.347678e-302	13	Ccl-11662
Ccl-19259	6.468997e-299	1.227774	0.926	0.608	1.253627e-294	13	Ccl-19259
Ccl-3118	1.616806e-298	1.362539	0.757	0.297	3.133209e-294	13	Ccl-3118
Ccl-7415	8.26027e-286	0.9417198	0.584	0.139	1.600758e-281	13	Ccl-7415
Ccl-5583	3.312949e-281	1.439266	0.947	0.583	6.420164e-277	13	Ccl-5583
Ccl-6714	2.433604e-277	1.146546	0.973	0.803	4.716081e-273	13	Ccl-6714
Ccl-15559	2.223588e-271	1.359563	0.786	0.315	4.30909e-267	13	Ccl-15559
Ccl-2246	7.518273e-263	0.7205864	0.482	0.097	1.456966e-258	13	Ccl-2246
Ccl-6297	5.051826e-254	1.212363	0.727	0.27	9.789934e-250	13	Ccl-6297
Ccl-6294	8.353674e-247	1.238964	0.715	0.27	1.618858e-242	13	Ccl-6294
Ccl-15521	5.161269e-241	1.041573	0.609	0.186	1.000202e-236	13	Ccl-15521
Ccl-2990	1.648644e-238	0.773977	0.715	0.222	3.194908e-234	13	Ccl-2990
Ccl-4272	2.509838e-235	0.6861837	0.513	0.116	4.863815e-231	13	Ccl-4272
Ccl-15275	2.757664e-230	1.326211	0.848	0.432	5.344076e-226	13	Ccl-15275
Ccl-16584	4.479473e-223	0.7571777	0.42	0.086	8.68077e-219	13	Ccl-16584
Ccl-6141	8.615942e-216	0.9804566	0.413	0.086	1.669683e-211	13	Ccl-6141
Ccl-312	1.526691e-213	1.003396	0.775	0.405	2.958575e-209	13	Ccl-312
Ccl-5827	4.826848e-211	0.8779304	0.561	0.179	9.353949e-207	13	Ccl-5827
Ccl-13148	3.012924e-210	1.032765	0.847	0.529	5.838745e-206	13	Ccl-13148
Ccl-2719	2.670768e-209	0.8994864	0.719	0.318	5.17568e-205	13	Ccl-2719
Ccl-16534	2.611836e-204	0.8272706	0.544	0.165	5.061476e-200	13	Ccl-16534
Ccl-6298	1.771373e-203	1.029106	0.604	0.211	3.432744e-199	13	Ccl-6298
Ccl-6721	2.370087e-201	0.7124885	0.556	0.158	4.592991e-197	13	Ccl-6721
Ccl-3920	3.313989e-200	0.6311084	0.393	0.082	6.42218e-196	13	Ccl-3920
Ccl-9968	4.540954e-199	0.7262736	0.495	0.137	8.799914e-195	13	Ccl-9968
Ccl-9181	5.336282e-193	0.9696538	0.641	0.227	1.034118e-188	13	Ccl-9181
Ccl-11157	5.012839e-187	0.9824668	0.877	0.573	9.71438e-183	13	Ccl-11157
Ccl-15203	2.264859e-186	0.8083216	0.591	0.204	4.389071e-182	13	Ccl-15203
Ccl-2247	8.069431e-184	0.5990242	0.374	0.08	1.563775e-179	13	Ccl-2247
Ccl-9	5.303963e-183	0.68452	0.466	0.127	1.027855e-178	13	Ccl-9
Ccl-12871	6.926732e-183	1.553246	0.59	0.242	1.342331e-178	13	Ccl-12871
Ccl-20525	1.228688e-176	0.8438641	0.836	0.524	2.381074e-172	13	Ccl-20525
Ccl-18198	1.529522e-175	1.063108	0.736	0.405	2.96406e-171	13	Ccl-18198
Ccl-9613	3.892631e-167	0.6573556	0.589	0.208	7.543529e-163	13	Ccl-9613
Ccl-16803	1.520914e-166	0.5942605	0.419	0.112	2.947379e-162	13	Ccl-16803
Ccl-9581	6.711769e-164	0.894142	0.81	0.466	1.300674e-159	13	Ccl-9581
Ccl-20506	4.754636e-160	1.003454	0.957	0.844	9.214009e-156	13	Ccl-20506
Ccl-11948	8.610852e-160	1.001736	0.489	0.171	1.668697e-155	13	Ccl-11948
Ccl-12736	8.645887e-158	0.5009997	0.311	0.062	1.675486e-153	13	Ccl-12736
Ccl-17340	5.629583e-157	0.7721682	0.639	0.296	1.090957e-152	13	Ccl-17340
Ccl-9582	2.081846e-156	0.7765785	0.553	0.209	4.03441e-152	13	Ccl-9582
Ccl-14008	3.10705e-156	0.6374806	0.447	0.136	6.021152e-152	13	Ccl-14008
Ccl-12771	7.727329e-154	1.0677	0.629	0.288	1.497479e-149	13	Ccl-12771
Ccl-2651	9.232947e-152	0.7852114	0.421	0.122	1.789253e-147	13	Ccl-2651
Ccl-14953	3.56302e-151	0.864959	0.486	0.168	6.904776e-147	13	Ccl-14953
Ccl-31	6.273915e-150	0.6783249	0.997	0.95	1.215822e-145	13	Ccl-31
Ccl-6295	8.718316e-148	1.015931	0.503	0.177	1.689522e-143	13	Ccl-6295
Ccl-9021	1.202382e-147	0.7998913	0.799	0.444	2.330097e-143	13	Ccl-9021
Ccl-8991	1.359395e-146	0.8517595	0.872	0.577	2.634371e-142	13	Ccl-8991
Ccl-3710	9.809193e-144	0.7854406	0.816	0.507	1.900923e-139	13	Ccl-3710
Ccl-17497	6.633038e-142	0.7008495	0.468	0.16	1.285417e-137	13	Ccl-17497
Ccl-1923	2.188356e-139	0.5444178	0.439	0.138	4.240815e-135	13	Ccl-1923
Ccl-2830	4.579083e-139	0.8926147	0.818	0.553	8.873805e-135	13	Ccl-2830
Ccl-18091	5.802158e-139	0.8434962	0.7	0.384	1.1244e-134	13	Ccl-18091
Ccl-14687	2.171213e-136	0.831591	0.614	0.285	4.207593e-132	13	Ccl-14687
Ccl-12205	5.469432e-135	0.7870215	0.913	0.589	1.059921e-130	13	Ccl-12205
Ccl-17485	5.313825e-132	0.8464718	0.627	0.293	1.029766e-127	13	Ccl-17485
Ccl-6272	1.672113e-128	0.6991027	0.58	0.265	3.240387e-124	13	Ccl-6272
Ccl-4499	4.172178e-128	0.598148	0.474	0.162	8.085263e-124	13	Ccl-4499
Ccl-12812	2.731339e-125	0.5391929	0.372	0.11	5.293063e-121	13	Ccl-12812
Ccl-425	8.767463e-123	0.6170577	0.591	0.267	1.699047e-118	13	Ccl-425
Ccl-17922	2.001983e-121	0.563179	0.438	0.157	3.879643e-117	13	Ccl-17922
Ccl-8859	2.209581e-119	0.5395379	0.514	0.197	4.281947e-115	13	Ccl-8859
Ccl-7742	1.054373e-118	0.5539483	0.452	0.167	2.04327e-114	13	Ccl-7742
Ccl-9466	1.014417e-115	0.6585165	0.409	0.144	1.965839e-111	13	Ccl-9466
Ccl-16391	5.429207e-114	0.7085693	0.663	0.355	1.052126e-109	13	Ccl-16391
Ccl-12150	2.345757e-111	0.5532775	0.572	0.242	4.545843e-107	13	Ccl-12150
Ccl-21638	7.343157e-111	0.7026831	0.508	0.228	1.42303e-106	13	Ccl-21638
Ccl-13230	5.306241e-110	0.5159445	0.367	0.12	1.028296e-105	13	Ccl-13230
Ccl-7957	2.888009e-107	0.6154109	0.544	0.248	5.596672e-103	13	Ccl-7957
Ccl-8495	2.992328e-103	0.5546577	0.398	0.143	5.798832e-99	13	Ccl-8495
Ccl-10353	5.928983e-103	0.559712	0.594	0.29	1.148978e-98	13	Ccl-10353
Ccl-12017	3.517086e-101	0.5726587	0.458	0.189	6.815761e-97	13	Ccl-12017
Ccl-6630	2.741661e-98	0.6386751	0.645	0.376	5.313064e-94	13	Ccl-6630
Ccl-6299	8.614243e-97	0.596848	0.487	0.218	1.669354e-92	13	Ccl-6299
Ccl-12415	1.782531e-94	0.7439905	0.592	0.307	3.454366e-90	13	Ccl-12415
Ccl-20527	7.988728e-91	0.7120714	0.711	0.468	1.548136e-86	13	Ccl-20527
Ccl-9876	1.276955e-89	0.7746122	0.486	0.236	2.474611e-85	13	Ccl-9876
Ccl-17208	2.912447e-87	0.5647937	0.606	0.351	5.644031e-83	13	Ccl-17208
Ccl-2733	8.615067e-87	0.6353346	0.931	0.846	1.669514e-82	13	Ccl-2733
Ccl-17669	8.755059e-86	0.6538816	0.533	0.271	1.696643e-81	13	Ccl-17669
Ccl-11760	1.249529e-84	0.6107815	0.653	0.401	2.421461e-80	13	Ccl-11760
Ccl-14293	1.359382e-83	0.5162265	0.395	0.162	2.634346e-79	13	Ccl-14293
Ccl-5008	5.409532e-83	0.6737651	0.417	0.18	1.048313e-78	13	Ccl-5008
Ccl-13875	1.856514e-80	0.5836093	0.584	0.336	3.597739e-76	13	Ccl-13875
Ccl-6296	1.037046e-78	0.63995	0.311	0.113	2.009691e-74	13	Ccl-6296
Ccl-477	1.739785e-78	0.5777368	0.61	0.357	3.37153e-74	13	Ccl-477
Ccl-14389	8.334875e-76	0.6046059	0.482	0.238	1.615215e-71	13	Ccl-14389
Ccl-10912	1.616692e-75	0.5716133	0.418	0.183	3.132987e-71	13	Ccl-10912
Ccl-7921	6.8698e-74	0.5465977	0.574	0.33	1.331299e-69	13	Ccl-7921
Ccl-11553	1.224388e-70	0.6660067	0.292	0.107	2.372742e-66	13	Ccl-11553
Ccl-17955	2.406786e-70	0.5202173	0.583	0.348	4.664111e-66	13	Ccl-17955
Ccl-14719	1.536255e-69	0.5396928	0.783	0.583	2.977109e-65	13	Ccl-14719
Ccl-10456	1.105504e-67	0.5483194	0.495	0.271	2.142355e-63	13	Ccl-10456
Ccl-983	2.424661e-61	0.5763943	0.873	0.746	4.698751e-57	13	Ccl-983
Ccl-8397	3.448073e-61	0.5803445	0.579	0.366	6.682021e-57	13	Ccl-8397
Ccl-6224	6.161264e-61	0.5144935	0.389	0.189	1.193991e-56	13	Ccl-6224
Ccl-9917	4.357415e-59	0.5076336	0.65	0.423	8.444235e-55	13	Ccl-9917
Ccl-4154	3.170981e-45	0.5267338	0.602	0.422	6.145044e-41	13	Ccl-4154
Ccl-12289	8.641873e-31	0.7422631	0.277	0.155	1.674709e-26	13	Ccl-12289
Ccl-18832	0	2.866454	0.915	0.217	0	14	Ccl-18832
Ccl-14853	0	2.47801	0.743	0.097	0	14	Ccl-14853
Ccl-12682	0	2.243392	0.731	0.06	0	14	Ccl-12682
Ccl-1184	0	2.236469	0.788	0.12	0	14	Ccl-1184
Ccl-18	0	2.160656	0.796	0.173	0	14	Ccl-18
Ccl-12140	0	2.025904	0.874	0.307	0	14	Ccl-12140
Ccl-2221	0	1.644823	0.597	0.08	0	14	Ccl-2221
Ccl-7500	0	1.601492	0.693	0.04	0	14	Ccl-7500
Ccl-15627	0	1.534519	0.768	0.19	0	14	Ccl-15627
Ccl-14666	0	1.533042	0.773	0.142	0	14	Ccl-14666
Ccl-896	0	1.442109	0.75	0.12	0	14	Ccl-896
Ccl-9183	0	1.267531	0.759	0.164	0	14	Ccl-9183
Ccl-13161	0	1.178417	0.685	0.086	0	14	Ccl-13161
Ccl-1075	0	1.130536	0.7	0.127	0	14	Ccl-1075
Ccl-5528	0	1.09609	0.404	0.027	0	14	Ccl-5528
Ccl-8632	0	0.9200379	0.589	0.088	0	14	Ccl-8632
Ccl-15293	0	0.8754767	0.628	0.103	0	14	Ccl-15293
Ccl-8889	0	0.8677077	0.625	0.094	0	14	Ccl-8889
Ccl-12201	0	0.8270024	0.442	0.022	0	14	Ccl-12201
Ccl-11896	0	0.8247514	0.474	0.022	0	14	Ccl-11896
Ccl-7906	0	0.7564154	0.448	0.041	0	14	Ccl-7906
Ccl-1999	0	0.7301941	0.428	0.042	0	14	Ccl-1999
Ccl-10579	0	0.6854424	0.47	0.026	0	14	Ccl-10579
Ccl-10870	0	0.6537789	0.428	0.031	0	14	Ccl-10870
Ccl-11977	0	0.6201362	0.466	0.048	0	14	Ccl-11977
Ccl-14197	0	0.6048126	0.414	0.024	0	14	Ccl-14197
Ccl-1069	0	0.5048353	0.358	0.026	0	14	Ccl-1069
Ccl-11141	3.016181e-306	1.574975	0.821	0.235	5.845057e-302	14	Ccl-11141
Ccl-1001	2.181084e-304	0.6406786	0.432	0.045	4.226723e-300	14	Ccl-1001
Ccl-16263	1.885377e-300	0.8539182	0.57	0.093	3.653673e-296	14	Ccl-16263
Ccl-2248	2.317861e-297	1.005349	0.699	0.156	4.491783e-293	14	Ccl-2248
Ccl-6074	3.22716e-290	0.5965155	0.442	0.051	6.253914e-286	14	Ccl-6074
Ccl-15861	9.84108e-289	1.333648	0.608	0.12	1.907103e-284	14	Ccl-15861
Ccl-17353	4.038634e-284	1.019511	0.678	0.151	7.82647e-280	14	Ccl-17353
Ccl-11894	1.877029e-281	1.992435	0.883	0.366	3.637494e-277	14	Ccl-11894
Ccl-14621	3.294483e-277	0.5570685	0.417	0.047	6.384379e-273	14	Ccl-14621
Ccl-14422	6.027339e-276	0.7130993	0.53	0.085	1.168038e-271	14	Ccl-14422
Ccl-13768	1.371926e-275	0.9073396	0.491	0.074	2.658656e-271	14	Ccl-13768
Ccl-6636	4.129102e-251	0.9564797	0.626	0.145	8.001787e-247	14	Ccl-6636
Ccl-9898	1.339509e-246	0.9174485	0.505	0.089	2.595834e-242	14	Ccl-9898
Ccl-22172	2.017056e-244	0.8860191	0.621	0.139	3.908853e-240	14	Ccl-22172
Ccl-3145	4.597071e-240	0.6540179	0.488	0.076	8.908663e-236	14	Ccl-3145
Ccl-13088	5.136987e-240	1.01704	0.679	0.185	9.954966e-236	14	Ccl-13088
Ccl-2232	3.602551e-237	0.5666587	0.375	0.045	6.981383e-233	14	Ccl-2232
Ccl-5898	2.889713e-235	0.5398371	0.294	0.025	5.599974e-231	14	Ccl-5898
Ccl-14330	1.762398e-230	0.7661253	0.594	0.126	3.415352e-226	14	Ccl-14330
Ccl-1415	1.131509e-229	0.6834466	0.488	0.086	2.192752e-225	14	Ccl-1415
Ccl-2478	1.912124e-227	1.198729	0.728	0.224	3.705505e-223	14	Ccl-2478
Ccl-6867	3.934612e-224	0.9260953	0.629	0.157	7.624885e-220	14	Ccl-6867
Ccl-12222	2.25363e-223	0.6553798	0.568	0.121	4.367309e-219	14	Ccl-12222
Ccl-12928	5.734389e-223	0.7639543	0.453	0.072	1.111267e-218	14	Ccl-12928
Ccl-6603	9.069887e-223	0.663503	0.46	0.078	1.757653e-218	14	Ccl-6603
Ccl-5370	5.589114e-222	0.6249817	0.444	0.072	1.083114e-217	14	Ccl-5370
Ccl-13792	3.100917e-219	1.193835	0.69	0.201	6.009267e-215	14	Ccl-13792
Ccl-16058	3.146567e-217	0.5623313	0.395	0.056	6.097732e-213	14	Ccl-16058
Ccl-2493	1.596062e-209	0.5112299	0.409	0.063	3.093009e-205	14	Ccl-2493
Ccl-17682	2.999074e-207	1.152749	0.806	0.338	5.811906e-203	14	Ccl-17682
Ccl-3855	1.49887e-205	0.8715668	0.71	0.221	2.904659e-201	14	Ccl-3855
Ccl-10407	2.711973e-201	0.5916707	0.431	0.075	5.255532e-197	14	Ccl-10407
Ccl-7702	1.917666e-200	0.5113143	0.416	0.068	3.716244e-196	14	Ccl-7702
Ccl-5671	2.471652e-198	0.7892254	0.536	0.122	4.789814e-194	14	Ccl-5671
Ccl-8008	7.460087e-198	0.5016781	0.367	0.053	1.44569e-193	14	Ccl-8008
Ccl-16029	7.628325e-191	0.5749878	0.445	0.082	1.478293e-186	14	Ccl-16029
Ccl-7428	9.993328e-189	0.7518958	0.72	0.23	1.936607e-184	14	Ccl-7428
Ccl-173	4.86138e-185	0.5653725	0.393	0.067	9.420868e-181	14	Ccl-173
Ccl-2220	2.798736e-181	0.5875054	0.424	0.08	5.423671e-177	14	Ccl-2220
Ccl-6276	1.828811e-180	0.7633857	0.607	0.176	3.544053e-176	14	Ccl-6276
Ccl-20258	1.081614e-178	0.6387855	0.463	0.099	2.096059e-174	14	Ccl-20258
Ccl-11665	8.850063e-178	0.5068079	0.354	0.055	1.715054e-173	14	Ccl-11665
Ccl-7915	9.770556e-177	0.5302289	0.492	0.103	1.893436e-172	14	Ccl-7915
Ccl-6299	1.028013e-175	0.7397351	0.671	0.214	1.992186e-171	14	Ccl-6299
Ccl-9181	8.517137e-174	0.9615552	0.706	0.24	1.650536e-169	14	Ccl-9181
Ccl-11258	1.805496e-169	0.6764949	0.623	0.187	3.498871e-165	14	Ccl-11258
Ccl-9278	1.194794e-167	0.7072434	0.616	0.183	2.315392e-163	14	Ccl-9278
Ccl-12662	2.298006e-167	0.7837765	0.672	0.229	4.453306e-163	14	Ccl-12662
Ccl-12096	7.649281e-167	0.5657605	0.492	0.115	1.482354e-162	14	Ccl-12096
Ccl-2186	6.724998e-166	0.808457	0.748	0.276	1.303237e-161	14	Ccl-2186
Ccl-696	3.897769e-163	0.8036041	0.743	0.291	7.553487e-159	14	Ccl-696
Ccl-11522	2.755636e-162	0.7643185	0.729	0.269	5.340146e-158	14	Ccl-11522
Ccl-10754	1.460456e-160	0.6223483	0.506	0.127	2.830219e-156	14	Ccl-10754
Ccl-21865	2.155524e-159	1.161852	0.752	0.343	4.17719e-155	14	Ccl-21865
Ccl-10353	8.946767e-158	0.7668485	0.739	0.291	1.733794e-153	14	Ccl-10353
Ccl-15986	9.85472e-155	0.6373875	0.42	0.093	1.909746e-150	14	Ccl-15986
Ccl-15203	5.887428e-154	0.7077626	0.662	0.216	1.140925e-149	14	Ccl-15203
Ccl-9139	1.641172e-152	0.7228952	0.551	0.161	3.180427e-148	14	Ccl-9139
Ccl-18009	3.845398e-151	0.5179023	0.434	0.099	7.451997e-147	14	Ccl-18009
Ccl-15016	8.519787e-151	0.5251434	0.52	0.136	1.65105e-146	14	Ccl-15016
Ccl-12535	1.23988e-150	1.626818	0.591	0.214	2.402764e-146	14	Ccl-12535
Ccl-983	6.855335e-148	1.093141	0.943	0.746	1.328495e-143	14	Ccl-983
Ccl-17419	8.749477e-146	0.7237625	0.601	0.199	1.695561e-141	14	Ccl-17419
Ccl-5858	3.756828e-138	0.972172	0.745	0.349	7.280358e-134	14	Ccl-5858
Ccl-2526	6.007376e-136	0.7559226	0.749	0.325	1.164169e-131	14	Ccl-2526
Ccl-13789	9.856046e-134	0.5013925	0.506	0.142	1.910003e-129	14	Ccl-13789
Ccl-6302	6.294951e-132	0.6154092	0.643	0.233	1.219899e-127	14	Ccl-6302
Ccl-3800	3.538832e-130	0.5172651	0.509	0.147	6.857902e-126	14	Ccl-3800
Ccl-3858	1.760946e-129	0.6210681	0.579	0.196	3.412538e-125	14	Ccl-3858
Ccl-20506	7.012851e-129	0.9398328	0.953	0.85	1.35902e-124	14	Ccl-20506
Ccl-4328	1.638046e-124	0.6910511	0.54	0.181	3.174369e-120	14	Ccl-4328
Ccl-9492	7.157186e-122	0.5506265	0.603	0.21	1.386991e-117	14	Ccl-9492
Ccl-14389	2.95852e-119	0.6421713	0.628	0.237	5.733316e-115	14	Ccl-14389
Ccl-2310	1.828506e-118	0.7131559	0.565	0.205	3.543462e-114	14	Ccl-2310
Ccl-4699	1.21215e-116	0.5169431	0.519	0.165	2.349026e-112	14	Ccl-4699
Ccl-11401	7.288084e-116	0.5165691	0.47	0.142	1.412358e-111	14	Ccl-11401
Ccl-15674	1.098572e-114	0.5732578	0.491	0.157	2.128924e-110	14	Ccl-15674
Ccl-7599	2.154372e-114	0.5214142	0.483	0.148	4.174958e-110	14	Ccl-7599
Ccl-9025	2.824924e-109	0.7971759	0.775	0.416	5.474421e-105	14	Ccl-9025
Ccl-3139	1.10784e-107	0.6356609	0.672	0.292	2.146884e-103	14	Ccl-3139
Ccl-8991	3.931679e-107	0.7220349	0.909	0.588	7.619201e-103	14	Ccl-8991
Ccl-3683	5.67656e-107	0.5276965	0.538	0.192	1.100061e-102	14	Ccl-3683
Ccl-16799	9.304942e-106	0.6350014	0.686	0.304	1.803205e-101	14	Ccl-16799
Ccl-12066	7.957112e-105	0.7166271	0.685	0.311	1.542009e-100	14	Ccl-12066
Ccl-9021	3.108864e-103	0.6985416	0.845	0.457	6.024668e-99	14	Ccl-9021
Ccl-13378	6.133517e-103	0.7411796	0.545	0.209	1.188614e-98	14	Ccl-13378
Ccl-13501	7.318453e-103	0.6255963	0.603	0.241	1.418243e-98	14	Ccl-13501
Ccl-5583	6.669845e-100	0.9876866	0.907	0.604	1.292549e-95	14	Ccl-5583
Ccl-15750	3.331526e-98	0.5346888	0.582	0.227	6.456164e-94	14	Ccl-15750
Ccl-12536	1.727131e-97	0.529933	0.556	0.216	3.347007e-93	14	Ccl-12536
Ccl-14244	1.803957e-84	0.5642114	0.651	0.318	3.495888e-80	14	Ccl-14244
Ccl-15978	6.792236e-84	0.8548623	0.589	0.267	1.316267e-79	14	Ccl-15978
Ccl-6933	1.846795e-80	0.5003057	0.572	0.249	3.578904e-76	14	Ccl-6933
Ccl-2081	1.572598e-79	0.5752287	0.738	0.42	3.047537e-75	14	Ccl-2081
Ccl-13941	6.225351e-79	0.5674821	0.753	0.415	1.206411e-74	14	Ccl-13941
Ccl-13438	2.36234e-78	0.5757823	0.838	0.558	4.577978e-74	14	Ccl-13438
Ccl-12175	1.297861e-77	0.9140209	0.51	0.224	2.515124e-73	14	Ccl-12175
Ccl-3710	1.467702e-75	0.549619	0.841	0.52	2.844259e-71	14	Ccl-3710
Ccl-12687	5.619135e-75	0.5669906	0.558	0.246	1.088932e-70	14	Ccl-12687
Ccl-1696	1.130965e-69	0.505084	0.795	0.473	2.191697e-65	14	Ccl-1696
Ccl-11986	6.676057e-63	0.5952059	0.703	0.376	1.293753e-58	14	Ccl-11986
Ccl-5477	3.575852e-60	0.5071738	0.792	0.504	6.929643e-56	14	Ccl-5477
Ccl-7252	0	2.817607	0.991	0.202	0	15	Ccl-7252
Ccl-3145	0	2.281574	0.926	0.076	0	15	Ccl-3145
Ccl-5431	0	2.185587	0.957	0.146	0	15	Ccl-5431
Ccl-7915	0	1.952508	0.931	0.101	0	15	Ccl-7915
Ccl-12928	0	1.92781	0.862	0.072	0	15	Ccl-12928
Ccl-9183	0	1.79156	0.943	0.182	0	15	Ccl-9183
Ccl-14659	0	1.76466	0.931	0.165	0	15	Ccl-14659
Ccl-8636	0	1.760287	0.914	0.072	0	15	Ccl-8636
Ccl-4650	0	1.621656	0.883	0.106	0	15	Ccl-4650
Ccl-3213	0	1.537253	0.805	0.029	0	15	Ccl-3213
Ccl-6571	0	1.44098	0.871	0.061	0	15	Ccl-6571
Ccl-7210	0	1.133902	0.779	0.088	0	15	Ccl-7210
Ccl-7460	0	0.9429501	0.636	0.058	0	15	Ccl-7460
Ccl-2546	0	0.9070531	0.656	0.052	0	15	Ccl-2546
Ccl-4927	0	0.8677485	0.628	0.055	0	15	Ccl-4927
Ccl-6442	0	0.842797	0.456	0.027	0	15	Ccl-6442
Ccl-4788	0	0.8017024	0.59	0.049	0	15	Ccl-4788
Ccl-5100	0	0.7676221	0.501	0.028	0	15	Ccl-5100
Ccl-1692	3.396916e-304	1.463772	0.905	0.159	6.582884e-300	15	Ccl-1692
Ccl-1241	2.689407e-285	2.398021	0.994	0.245	5.211802e-281	15	Ccl-1241
Ccl-14330	2.304005e-278	1.44356	0.819	0.137	4.464932e-274	15	Ccl-14330
Ccl-14587	1.287363e-277	0.9037656	0.602	0.064	2.494781e-273	15	Ccl-14587
Ccl-3221	2.031373e-267	0.8591369	0.659	0.082	3.936598e-263	15	Ccl-3221
Ccl-12535	8.020319e-261	1.905682	0.923	0.216	1.554258e-256	15	Ccl-12535
Ccl-10045	3.859445e-260	2.469877	0.997	0.3	7.479219e-256	15	Ccl-10045
Ccl-13792	6.520085e-249	1.463043	0.931	0.213	1.263527e-244	15	Ccl-13792
Ccl-1184	1.705847e-247	1.467224	0.825	0.148	3.305761e-243	15	Ccl-1184
Ccl-13802	3.621093e-242	0.5368458	0.415	0.031	7.017317e-238	15	Ccl-13802
Ccl-10754	5.72751e-240	1.007677	0.774	0.132	1.109934e-235	15	Ccl-10754
Ccl-8008	2.491524e-238	0.7310427	0.542	0.059	4.828325e-234	15	Ccl-8008
Ccl-10972	1.861651e-236	0.939736	0.688	0.105	3.607694e-232	15	Ccl-10972
Ccl-1455	3.607249e-236	2.063918	0.989	0.294	6.990488e-232	15	Ccl-1455
Ccl-11699	4.089637e-215	0.6383039	0.53	0.063	7.925307e-211	15	Ccl-11699
Ccl-230	8.386212e-208	0.5674252	0.456	0.047	1.625164e-203	15	Ccl-230
Ccl-19399	3.359076e-202	0.5489377	0.418	0.04	6.509554e-198	15	Ccl-19399
Ccl-17180	2.737329e-200	1.006707	0.699	0.126	5.30467e-196	15	Ccl-17180
Ccl-16949	1.427384e-192	1.122393	0.805	0.19	2.766127e-188	15	Ccl-16949
Ccl-1012	1.155313e-190	0.772333	0.622	0.103	2.238881e-186	15	Ccl-1012
Ccl-12885	3.700707e-178	0.7626664	0.605	0.103	7.1716e-174	15	Ccl-12885
Ccl-13501	5.135686e-178	1.145903	0.877	0.246	9.952447e-174	15	Ccl-13501
Ccl-180	3.90788e-175	0.5497573	0.45	0.055	7.57308e-171	15	Ccl-180
Ccl-15627	9.345764e-171	1.208703	0.817	0.214	1.811116e-166	15	Ccl-15627
Ccl-6585	1.215268e-167	0.6758931	0.559	0.091	2.355067e-163	15	Ccl-6585
Ccl-7803	1.505495e-167	0.6931152	0.516	0.077	2.917499e-163	15	Ccl-7803
Ccl-3792	9.789183e-163	0.9083818	0.691	0.142	1.897046e-158	15	Ccl-3792
Ccl-17622	3.329429e-151	0.8627459	0.734	0.176	6.4521e-147	15	Ccl-17622
Ccl-6302	8.572844e-150	1.024927	0.808	0.244	1.661331e-145	15	Ccl-6302
Ccl-7189	5.029508e-148	0.8562678	0.656	0.148	9.746683e-144	15	Ccl-7189
Ccl-21865	8.193015e-148	1.340827	0.905	0.355	1.587724e-143	15	Ccl-21865
Ccl-13378	1.600161e-145	1.194269	0.756	0.215	3.100952e-141	15	Ccl-13378
Ccl-15829	1.622679e-143	0.7584545	0.625	0.135	3.14459e-139	15	Ccl-15829
Ccl-820	7.057507e-142	1.138633	0.851	0.299	1.367674e-137	15	Ccl-820
Ccl-17419	8.413582e-141	1.055915	0.748	0.21	1.630468e-136	15	Ccl-17419
Ccl-18	1.531048e-136	1.019542	0.756	0.202	2.967017e-132	15	Ccl-18
Ccl-11239	1.363616e-132	0.9219422	0.65	0.163	2.642551e-128	15	Ccl-11239
Ccl-7490	1.831921e-124	0.8632001	0.742	0.225	3.55008e-120	15	Ccl-7490
Ccl-4638	1.264547e-122	0.635947	0.567	0.123	2.450565e-118	15	Ccl-4638
Ccl-16388	1.489118e-122	0.6229896	0.567	0.122	2.885761e-118	15	Ccl-16388
Ccl-1952	1.080602e-116	0.7592814	0.751	0.233	2.094099e-112	15	Ccl-1952
Ccl-2274	2.816894e-115	0.5202081	0.479	0.093	5.458858e-111	15	Ccl-2274
Ccl-5858	5.77083e-110	1.07416	0.868	0.361	1.118329e-105	15	Ccl-5858
Ccl-22172	9.810655e-108	0.6545498	0.625	0.16	1.901207e-103	15	Ccl-22172
Ccl-1891	2.410979e-107	0.5187771	0.504	0.108	4.672236e-103	15	Ccl-1891
Ccl-18832	1.006263e-104	1.467027	0.736	0.256	1.950036e-100	15	Ccl-18832
Ccl-18811	3.277585e-103	0.7087255	0.713	0.22	6.351631e-99	15	Ccl-18811
Ccl-2391	1.085648e-101	0.6809863	0.693	0.209	2.103877e-97	15	Ccl-2391
Ccl-6769	3.962613e-100	0.6883902	0.699	0.219	7.679148e-96	15	Ccl-6769
Ccl-12158	1.992421e-99	1.031631	0.989	0.743	3.861112e-95	15	Ccl-12158
Ccl-13164	1.601776e-90	0.6883108	0.625	0.186	3.104082e-86	15	Ccl-13164
Ccl-2023	9.275398e-89	0.95274	0.88	0.449	1.797479e-84	15	Ccl-2023
Ccl-6171	1.412709e-88	0.994283	0.742	0.286	2.737689e-84	15	Ccl-6171
Ccl-12055	4.128007e-87	0.5227429	0.51	0.131	7.999665e-83	15	Ccl-12055
Ccl-5938	3.143643e-84	0.9020659	0.98	0.747	6.092066e-80	15	Ccl-5938
Ccl-6885	5.374627e-84	0.5105047	0.501	0.129	1.041549e-79	15	Ccl-6885
Ccl-12066	1.659292e-82	0.7664163	0.779	0.323	3.215542e-78	15	Ccl-12066
Ccl-4862	2.008253e-82	0.5744722	0.562	0.16	3.891793e-78	15	Ccl-4862
Ccl-14582	4.260209e-82	0.5787613	0.579	0.17	8.25586e-78	15	Ccl-14582
Ccl-5835	7.718527e-82	0.6887672	0.756	0.291	1.495773e-77	15	Ccl-5835
Ccl-12662	1.443666e-80	0.6753943	0.688	0.248	2.79768e-76	15	Ccl-12662
Ccl-14666	3.084868e-80	0.8842062	0.576	0.178	5.978166e-76	15	Ccl-14666
Ccl-1075	7.376709e-80	0.6106753	0.55	0.159	1.429532e-75	15	Ccl-1075
Ccl-6276	1.125874e-79	0.6022043	0.613	0.194	2.181831e-75	15	Ccl-6276
Ccl-1415	2.562639e-79	0.5184143	0.438	0.106	4.966138e-75	15	Ccl-1415
Ccl-12096	5.181252e-79	0.5127425	0.499	0.132	1.004075e-74	15	Ccl-12096
Ccl-2716	1.098813e-72	0.5667921	0.559	0.175	2.12939e-68	15	Ccl-2716
Ccl-10987	1.119288e-72	0.601593	0.728	0.28	2.169068e-68	15	Ccl-10987
Ccl-13088	3.178229e-72	0.5800098	0.619	0.209	6.15909e-68	15	Ccl-13088
Ccl-9278	3.328372e-72	0.6271059	0.605	0.203	6.450053e-68	15	Ccl-9278
Ccl-4620	2.502325e-70	0.8168289	0.854	0.502	4.849257e-66	15	Ccl-4620
Ccl-13277	7.663909e-70	0.7770989	0.991	0.779	1.485189e-65	15	Ccl-13277
Ccl-14529	1.006117e-68	0.7988545	0.708	0.269	1.949754e-64	15	Ccl-14529
Ccl-18688	2.679627e-66	0.6754497	0.831	0.402	5.192849e-62	15	Ccl-18688
Ccl-2890	5.037668e-66	0.7044402	0.926	0.578	9.762496e-62	15	Ccl-2890
Ccl-13438	1.636853e-59	0.6945546	0.905	0.567	3.172058e-55	15	Ccl-13438
Ccl-11894	1.664954e-58	0.7699886	0.799	0.393	3.226513e-54	15	Ccl-11894
Ccl-9627	3.514515e-58	0.5312229	0.745	0.323	6.810778e-54	15	Ccl-9627
Ccl-12788	3.582315e-58	0.5295563	0.55	0.196	6.942168e-54	15	Ccl-12788
Ccl-12202	1.222145e-57	0.5382749	0.57	0.209	2.368394e-53	15	Ccl-12202
Ccl-11522	4.550999e-57	0.5364819	0.691	0.291	8.819382e-53	15	Ccl-11522
Ccl-1696	2.212211e-56	0.5829619	0.908	0.482	4.287044e-52	15	Ccl-1696
Ccl-9492	4.828059e-53	0.5416784	0.585	0.228	9.356296e-49	15	Ccl-9492
Ccl-13161	1.965111e-50	0.5789851	0.398	0.124	3.808189e-46	15	Ccl-13161
Ccl-11986	1.409693e-48	0.6166474	0.768	0.388	2.731845e-44	15	Ccl-11986
Ccl-4154	1.058019e-43	0.5530765	0.791	0.431	2.050335e-39	15	Ccl-4154
Ccl-7434	1.426169e-42	0.7527374	0.934	0.719	2.763772e-38	15	Ccl-7434
Ccl-5583	2.154983e-41	0.5131726	0.931	0.617	4.176142e-37	15	Ccl-5583
Ccl-15861	1.343895e-40	0.5263273	0.415	0.15	2.604334e-36	15	Ccl-15861
Ccl-8298	6.947028e-39	0.6838888	0.662	0.366	1.346265e-34	15	Ccl-8298
Ccl-12175	6.984033e-34	0.5591625	0.513	0.236	1.353436e-29	15	Ccl-12175
Ccl-4822	0	2.821215	0.994	0.423	0	16	Ccl-4822
Ccl-1455	0	2.563708	0.991	0.246	0	16	Ccl-1455
Ccl-14816	0	2.529746	0.91	0.109	0	16	Ccl-14816
Ccl-1241	0	2.495126	0.986	0.195	0	16	Ccl-1241
Ccl-10045	0	2.392038	0.972	0.255	0	16	Ccl-10045
Ccl-8044	0	2.238708	0.804	0.047	0	16	Ccl-8044
Ccl-12913	0	1.82807	0.799	0.04	0	16	Ccl-12913
Ccl-7252	0	1.816644	0.966	0.151	0	16	Ccl-7252
Ccl-14529	0	1.778126	0.946	0.213	0	16	Ccl-14529
Ccl-14619	0	1.65782	0.844	0.05	0	16	Ccl-14619
Ccl-5396	0	1.56888	0.871	0.291	0	16	Ccl-5396
Ccl-17035	0	1.528344	0.788	0.028	0	16	Ccl-17035
Ccl-3792	0	1.426706	0.822	0.09	0	16	Ccl-3792
Ccl-2169	0	1.373649	0.94	0.444	0	16	Ccl-2169
Ccl-5431	0	1.343151	0.82	0.106	0	16	Ccl-5431
Ccl-2023	0	1.274222	0.938	0.413	0	16	Ccl-2023
Ccl-11670	0	1.272832	0.883	0.328	0	16	Ccl-11670
Ccl-1692	0	1.19155	0.814	0.118	0	16	Ccl-1692
Ccl-14659	0	1.142013	0.762	0.132	0	16	Ccl-14659
Ccl-1813	0	1.042808	0.796	0.201	0	16	Ccl-1813
Ccl-12508	0	0.9885928	0.625	0.109	0	16	Ccl-12508
Ccl-8444	0	0.9860392	0.651	0.079	0	16	Ccl-8444
Ccl-16949	0	0.9599275	0.726	0.157	0	16	Ccl-16949
Ccl-17180	0	0.9545857	0.653	0.092	0	16	Ccl-17180
Ccl-13792	0	0.9302071	0.776	0.181	0	16	Ccl-13792
Ccl-2280	0	0.8973766	0.588	0.037	0	16	Ccl-2280
Ccl-12644	0	0.8854722	0.646	0.128	0	16	Ccl-12644
Ccl-3984	0	0.7351543	0.512	0.034	0	16	Ccl-3984
Ccl-10355	0	0.7317455	0.464	0.026	0	16	Ccl-10355
Ccl-7210	0	0.716606	0.553	0.067	0	16	Ccl-7210
Ccl-20664	0	0.7118756	0.55	0.073	0	16	Ccl-20664
Ccl-5663	0	0.6938086	0.441	0.037	0	16	Ccl-5663
Ccl-3016	0	0.675196	0.533	0.058	0	16	Ccl-3016
Ccl-11579	0	0.6639268	0.429	0.03	0	16	Ccl-11579
Ccl-2364	0	0.6549244	0.476	0.044	0	16	Ccl-2364
Ccl-6585	0	0.6536138	0.503	0.065	0	16	Ccl-6585
Ccl-14587	0	0.6410456	0.427	0.046	0	16	Ccl-14587
Ccl-6493	0	0.5829198	0.371	0.013	0	16	Ccl-6493
Ccl-7460	0	0.5789093	0.429	0.042	0	16	Ccl-7460
Ccl-9687	0	0.5721095	0.434	0.027	0	16	Ccl-9687
Ccl-4815	0	0.5711756	0.4	0.037	0	16	Ccl-4815
Ccl-84	0	0.5279404	0.383	0.028	0	16	Ccl-84
Ccl-17622	7.911748e-307	0.881829	0.662	0.146	1.533218e-302	16	Ccl-17622
Ccl-14582	1.649903e-303	0.8348357	0.638	0.136	3.197346e-299	16	Ccl-14582
Ccl-6171	6.780995e-301	1.15666	0.799	0.248	1.314089e-296	16	Ccl-6171
Ccl-8884	2.181324e-300	0.8009692	0.575	0.107	4.227188e-296	16	Ccl-8884
Ccl-22472	7.102697e-299	0.5858477	0.484	0.071	1.376432e-294	16	Ccl-22472
Ccl-22338	4.357052e-298	0.9159736	0.415	0.05	8.443531e-294	16	Ccl-22338
Ccl-11894	8.136437e-296	1.124409	0.92	0.351	1.57676e-291	16	Ccl-11894
Ccl-12124	3.283045e-290	1.086116	0.879	0.319	6.362214e-286	16	Ccl-12124
Ccl-16375	5.301166e-288	0.7005834	0.58	0.113	1.027313e-283	16	Ccl-16375
Ccl-12158	5.529059e-274	1.191601	0.991	0.726	1.071476e-269	16	Ccl-12158
Ccl-9783	2.442715e-273	0.913178	0.634	0.149	4.733737e-269	16	Ccl-9783
Ccl-18356	6.653845e-264	0.6755536	0.387	0.048	1.289449e-259	16	Ccl-18356
Ccl-16388	3.376235e-261	0.6696307	0.518	0.097	6.542807e-257	16	Ccl-16388
Ccl-16305	1.118515e-259	1.006333	0.664	0.175	2.167571e-255	16	Ccl-16305
Ccl-246	1.747651e-253	0.5758578	0.459	0.076	3.386773e-249	16	Ccl-246
Ccl-12885	1.18886e-251	0.5807077	0.477	0.083	2.303891e-247	16	Ccl-12885
Ccl-15013	5.201201e-250	0.6270952	0.509	0.097	1.007941e-245	16	Ccl-15013
Ccl-13277	8.587619e-249	1.095978	0.988	0.765	1.664195e-244	16	Ccl-13277
Ccl-3416	2.952972e-247	0.5528656	0.486	0.088	5.722565e-243	16	Ccl-3416
Ccl-11160	2.151988e-243	0.927019	0.671	0.186	4.170338e-239	16	Ccl-11160
Ccl-4650	3.580511e-240	0.590085	0.509	0.096	6.938673e-236	16	Ccl-4650
Ccl-3799	9.715685e-240	0.6289991	0.515	0.101	1.882803e-235	16	Ccl-3799
Ccl-11986	3.534674e-231	0.9576043	0.848	0.353	6.849845e-227	16	Ccl-11986
Ccl-13164	4.967055e-230	0.7387443	0.612	0.157	9.625656e-226	16	Ccl-13164
Ccl-13471	8.95875e-225	0.9397131	0.671	0.193	1.736116e-220	16	Ccl-13471
Ccl-9625	2.137014e-222	0.5012724	0.381	0.056	4.141319e-218	16	Ccl-9625
Ccl-6501	6.342661e-221	0.5218479	0.266	0.024	1.229144e-216	16	Ccl-6501
Ccl-7209	2.169822e-219	0.6242466	0.552	0.13	4.204899e-215	16	Ccl-7209
Ccl-2716	1.688888e-217	0.6774432	0.582	0.146	3.272896e-213	16	Ccl-2716
Ccl-15489	1.127876e-216	0.5465473	0.431	0.077	2.185712e-212	16	Ccl-15489
Ccl-6922	1.181295e-213	0.7073188	0.598	0.158	2.289232e-209	16	Ccl-6922
Ccl-4645	8.244715e-212	0.574898	0.512	0.116	1.597743e-207	16	Ccl-4645
Ccl-20469	9.584969e-211	0.67652	0.619	0.172	1.857471e-206	16	Ccl-20469
Ccl-5008	4.328852e-209	0.7878156	0.608	0.165	8.388883e-205	16	Ccl-5008
Ccl-18688	1.940541e-208	0.8517608	0.844	0.372	3.760575e-204	16	Ccl-18688
Ccl-9627	2.242612e-205	0.8645446	0.776	0.29	4.345957e-201	16	Ccl-9627
Ccl-11300	3.747265e-205	0.5349634	0.406	0.071	7.261825e-201	16	Ccl-11300
Ccl-5938	3.133735e-203	0.991314	0.977	0.732	6.072865e-199	16	Ccl-5938
Ccl-14758	4.133341e-200	0.5663122	0.398	0.071	8.010002e-196	16	Ccl-14758
Ccl-18011	5.344352e-200	0.8360883	0.713	0.245	1.035682e-195	16	Ccl-18011
Ccl-6197	8.431272e-200	0.5083294	0.402	0.073	1.633896e-195	16	Ccl-6197
Ccl-3897	2.021252e-194	0.731797	0.662	0.211	3.916984e-190	16	Ccl-3897
Ccl-6295	3.9537e-194	0.8671164	0.608	0.174	7.661875e-190	16	Ccl-6295
Ccl-13738	1.319961e-193	0.7549418	0.727	0.265	2.557952e-189	16	Ccl-13738
Ccl-14410	2.897224e-192	0.701222	0.554	0.148	5.614531e-188	16	Ccl-14410
Ccl-544	7.994263e-192	0.7375517	0.707	0.232	1.549208e-187	16	Ccl-544
Ccl-11314	9.491424e-191	0.5667701	0.423	0.086	1.839343e-186	16	Ccl-11314
Ccl-6294	1.033768e-188	0.8201061	0.764	0.276	2.003339e-184	16	Ccl-6294
Ccl-3040	3.324253e-186	0.6819421	0.642	0.203	6.44207e-182	16	Ccl-3040
Ccl-4365	1.810856e-183	0.9586015	0.745	0.289	3.509259e-179	16	Ccl-4365
Ccl-18811	2.100693e-181	0.6649721	0.622	0.197	4.070934e-177	16	Ccl-18811
Ccl-6576	2.281093e-181	0.555995	0.524	0.137	4.42053e-177	16	Ccl-6576
Ccl-10752	6.885099e-173	0.5452028	0.431	0.095	1.334263e-168	16	Ccl-10752
Ccl-14200	2.128923e-170	0.6726124	0.476	0.117	4.125639e-166	16	Ccl-14200
Ccl-5050	3.72376e-169	0.5612583	0.432	0.1	7.216275e-165	16	Ccl-5050
Ccl-16276	2.405325e-168	0.5687465	0.495	0.13	4.661279e-164	16	Ccl-16276
Ccl-10704	8.189632e-164	0.6587375	0.574	0.18	1.587069e-159	16	Ccl-10704
Ccl-820	1.395765e-162	0.6931847	0.714	0.277	2.704852e-158	16	Ccl-820
Ccl-6229	2.443494e-162	0.5919347	0.51	0.145	4.735248e-158	16	Ccl-6229
Ccl-11326	9.520455e-157	0.6284999	0.401	0.094	1.844969e-152	16	Ccl-11326
Ccl-2890	3.459258e-155	0.7709913	0.901	0.557	6.703695e-151	16	Ccl-2890
Ccl-15836	2.609487e-154	0.6832463	0.63	0.226	5.056924e-150	16	Ccl-15836
Ccl-8495	4.802136e-153	0.5468043	0.498	0.139	9.30606e-149	16	Ccl-8495
Ccl-13501	7.638535e-151	0.5499992	0.655	0.228	1.480272e-146	16	Ccl-13501
Ccl-13003	1.956345e-149	0.5078586	0.409	0.1	3.791202e-145	16	Ccl-13003
Ccl-10987	3.879251e-146	0.6333984	0.661	0.257	7.517601e-142	16	Ccl-10987
Ccl-12202	5.238586e-145	0.5885364	0.561	0.185	1.015186e-140	16	Ccl-12202
Ccl-5003	8.907503e-145	0.6819018	0.655	0.255	1.726185e-140	16	Ccl-5003
Ccl-11371	1.541789e-144	0.5810937	0.666	0.247	2.987834e-140	16	Ccl-11371
Ccl-13942	1.592902e-142	0.6814866	0.79	0.375	3.086885e-138	16	Ccl-13942
Ccl-20693	1.922541e-138	0.6705064	0.647	0.261	3.725692e-134	16	Ccl-20693
Ccl-12871	5.866298e-138	0.5528564	0.656	0.244	1.13683e-133	16	Ccl-12871
Ccl-7154	6.846996e-136	0.6814324	0.734	0.329	1.326879e-131	16	Ccl-7154
Ccl-2519	1.058921e-134	0.632896	0.762	0.362	2.052083e-130	16	Ccl-2519
Ccl-15255	6.347097e-134	0.5846528	0.646	0.259	1.230004e-129	16	Ccl-15255
Ccl-22725	5.655286e-130	0.5146854	0.458	0.139	1.095938e-125	16	Ccl-22725
Ccl-7434	1.398248e-126	1.10839	0.918	0.706	2.709665e-122	16	Ccl-7434
Ccl-11553	5.717472e-124	0.5019022	0.389	0.101	1.107989e-119	16	Ccl-11553
Ccl-2553	1.49992e-122	0.5518774	0.585	0.219	2.906694e-118	16	Ccl-2553
Ccl-5907	5.841291e-118	0.6495393	0.713	0.338	1.131984e-113	16	Ccl-5907
Ccl-6182	5.948157e-118	0.6066946	0.744	0.358	1.152693e-113	16	Ccl-6182
Ccl-17468	1.166572e-117	0.5024948	0.66	0.27	2.2607e-113	16	Ccl-17468
Ccl-18574	3.7685e-116	0.6345347	0.814	0.465	7.302976e-112	16	Ccl-18574
Ccl-20555	4.500993e-115	0.5890736	0.649	0.283	8.722474e-111	16	Ccl-20555
Ccl-5835	3.254703e-114	0.5653646	0.633	0.273	6.30729e-110	16	Ccl-5835
Ccl-13148	3.630069e-114	0.6254053	0.888	0.533	7.034712e-110	16	Ccl-13148
Ccl-5810	1.112547e-111	0.6310074	0.737	0.362	2.156005e-107	16	Ccl-5810
Ccl-14687	2.474322e-111	0.5907209	0.653	0.289	4.794989e-107	16	Ccl-14687
Ccl-1685	2.360936e-110	0.574179	0.502	0.182	4.575258e-106	16	Ccl-1685
Ccl-11157	5.677884e-108	0.5552405	0.917	0.577	1.100317e-103	16	Ccl-11157
Ccl-9567	4.735584e-101	0.592805	0.6	0.261	9.177089e-97	16	Ccl-9567
Ccl-15509	2.146506e-96	0.5083244	0.527	0.215	4.159715e-92	16	Ccl-15509
Ccl-13378	4.230183e-92	0.5286318	0.514	0.206	8.197671e-88	16	Ccl-13378
Ccl-1881	4.994319e-90	0.5461395	0.67	0.347	9.67849e-86	16	Ccl-1881
Ccl-4898	3.014356e-84	0.549961	0.315	0.094	5.84152e-80	16	Ccl-4898
Ccl-1570	4.988362e-77	0.5403994	0.82	0.539	9.666947e-73	16	Ccl-1570
